[
  {
    "model": "core.role",
    "pk": 1,
    "fields": {
      "name": "Lecturer",
      "description": "Alias minus quis, laboriosam autem unde maiores veniam quis soluta quisquam totam ex dignissimos voluptate, provident error ratione sint officia tempora voluptatem eveniet alias rerum, veniam explicabo error hic assumenda facilis ipsum quibusdam"
    }
  },
  {
    "model": "core.role",
    "pk": 2,
    "fields": {
      "name": "Registrar",
      "description": "Maxime placeat inventore libero expedita natus voluptate, odio mollitia et consectetur?\nHic mollitia sapiente reprehenderit nemo, accusamus non eum commodi voluptatem, architecto rerum laboriosam vel necessitatibus odit."
    }
  },
  {
    "model": "core.role",
    "pk": 3,
    "fields": {
      "name": "Student",
      "description": "Quibusdam aperiam natus autem modi doloribus incidunt iusto maiores reprehenderit harum quasi, veniam aliquid autem amet."
    }
  },
  {
    "model": "core.user",
    "pk": 1,
    "fields": {
      "username": "salm",
      "email": "ipsam.ullam@example.ac",
      "password": "pbkdf2_sha256$870000$6KmY46woN84jbIb1hojLbq$CvyeUNMh0gO7roUKa05s8so8QHOBnP1LXM9+GPFnHks=",
      "first_name": "Ullam",
      "last_name": "Ipsam",
      "last_login": "2025-03-06T18:12:32.274733+00:00",
      "is_staff": true,
      "is_active": true,
      "is_superuser": false,
      "date_joined": "2025-03-30T19:13:07.274779+00:00",
      "groups": [],
      "roles": [2],
      "user_permissions": []
    }
  },
  {
    "model": "core.user",
    "pk": 2,
    "fields": {
      "username": "nu",
      "email": "cumque.animi@example.com",
      "password": "pbkdf2_sha256$870000$rcQ4ZDLGWwVogoYscFv50i$tyGqj418NlN0aqKf7FZvydrc9J7o8d88a+5Y6AXVyZ8=",
      "first_name": "Animi",
      "last_name": "Cumque",
      "last_login": "2025-02-12T12:30:51.236188+00:00",
      "is_staff": true,
      "is_active": true,
      "is_superuser": true,
      "date_joined": "2025-03-02T19:13:08.236230+00:00",
      "groups": [],
      "roles": [3],
      "user_permissions": []
    }
  },
  {
    "model": "core.user",
    "pk": 3,
    "fields": {
      "username": "qiiiF",
      "email": "similique.facilis@outlook.com",
      "password": "pbkdf2_sha256$870000$mSJdCqioxfn8njqAcKJrnd$IkLEfmsOL7dYgyeHUyWnCkBCt6fnyosVju8BSYbZ+rA=",
      "first_name": "Facilis",
      "last_name": "Similique",
      "last_login": null,
      "is_staff": false,
      "is_active": true,
      "is_superuser": false,
      "date_joined": "2025-03-27T19:13:09.283848+00:00",
      "groups": [],
      "roles": [3],
      "user_permissions": []
    }
  },
  {
    "model": "core.user",
    "pk": 4,
    "fields": {
      "username": "li",
      "email": "nihil.officia@outlook.com",
      "password": "pbkdf2_sha256$870000$NOIfdJhUrzSNxHbjPXDLks$P+2itB7GwILm0BWfu0OVUKFyAJFhTUA1YriYNLgV2/g=",
      "first_name": "Officia",
      "last_name": "Nihil",
      "last_login": null,
      "is_staff": false,
      "is_active": true,
      "is_superuser": false,
      "date_joined": "2025-03-11T19:13:10.036308+00:00",
      "groups": [],
      "roles": [3],
      "user_permissions": []
    }
  },
  {
    "model": "core.user",
    "pk": 5,
    "fields": {
      "username": "ing",
      "email": "magnam.dignissimos@velit.dev",
      "password": "pbkdf2_sha256$870000$YFxvVBgpfmCl6mLpt01SlS$sm1/lJj5+4a+EiF6gIrusgpZ8Qe/NEbO9Su1zImTWYI=",
      "first_name": "Dignissimos",
      "last_name": "Magnam",
      "last_login": "2025-02-28T16:12:46.860180+00:00",
      "is_staff": true,
      "is_active": true,
      "is_superuser": false,
      "date_joined": "2025-03-22T19:13:10.860217+00:00",
      "groups": [],
      "roles": [1],
      "user_permissions": []
    }
  },
  {
    "model": "core.user",
    "pk": 6,
    "fields": {
      "username": "eecnx",
      "email": "commodi.exercitationem@outlook.com",
      "password": "pbkdf2_sha256$870000$NxL3XXO2h625F5j5lU9gtQ$+iPli0+s7nbnmzO0c0wEqyGjt4lEsdwGqs4dpv8zxFs=",
      "first_name": "Exercitationem",
      "last_name": "Commodi",
      "last_login": "2025-02-21T19:07:06.878691+00:00",
      "is_staff": false,
      "is_active": false,
      "is_superuser": false,
      "date_joined": "2025-02-26T19:13:11.878731+00:00",
      "groups": [],
      "roles": [3],
      "user_permissions": []
    }
  },
  {
    "model": "core.user",
    "pk": 7,
    "fields": {
      "username": "ibp",
      "email": "quo.voluptatibus@example.dev",
      "password": "pbkdf2_sha256$870000$8XpNU6D5k0YkyAjMCXQEe2$laqNrEP9OwpV9WEuMnYHBwkSLblRTarvC8Q+JDhmfVE=",
      "first_name": "Voluptatibus",
      "last_name": "Quo",
      "last_login": "2025-03-25T02:04:54.701948+00:00",
      "is_staff": true,
      "is_active": false,
      "is_superuser": false,
      "date_joined": "2025-03-28T19:13:12.701985+00:00",
      "groups": [],
      "roles": [1, 2],
      "user_permissions": []
    }
  },
  {
    "model": "core.user",
    "pk": 8,
    "fields": {
      "username": "rnh",
      "email": "reprehenderit.nihil@outlook.com",
      "password": "pbkdf2_sha256$870000$lsFt73BIlWh5ZM8PvKzGki$F0WU1YOltZFzpVkc46vJucr83s7JovqwA1kpbGT66nQ=",
      "first_name": "Nihil",
      "last_name": "Reprehenderit",
      "last_login": null,
      "is_staff": false,
      "is_active": true,
      "is_superuser": false,
      "date_joined": "2025-01-01T19:13:13.713920+00:00",
      "groups": [],
      "roles": [3],
      "user_permissions": []
    }
  },
  {
    "model": "core.user",
    "pk": 9,
    "fields": {
      "username": "eIs",
      "email": "eos.iste@gmail.com",
      "password": "pbkdf2_sha256$870000$uSBFMZJBFsDkMJzOE5Sc8z$oLjRmca6zvGcjgrnFCflxDnRpuq+ZngOBUyQ18NTxRQ=",
      "first_name": "Iste",
      "last_name": "Eos",
      "last_login": "2025-02-15T06:28:32.510906+00:00",
      "is_staff": false,
      "is_active": true,
      "is_superuser": false,
      "date_joined": "2025-03-13T19:13:14.510950+00:00",
      "groups": [],
      "roles": [3],
      "user_permissions": []
    }
  },
  {
    "model": "core.user",
    "pk": 10,
    "fields": {
      "username": "Nsi",
      "email": "adipisci.nisi@yahoomail.com",
      "password": "pbkdf2_sha256$870000$v2HfnS3s3c8dAJMPfwPWBf$qCXJ812SVqrTFo7hiUWheeFVaicP4jVu0tO9sWFyYCw=",
      "first_name": "Nisi",
      "last_name": "Adipisci",
      "last_login": null,
      "is_staff": false,
      "is_active": true,
      "is_superuser": false,
      "date_joined": "2024-12-25T19:13:15.285131+00:00",
      "groups": [],
      "roles": [3],
      "user_permissions": []
    }
  },
  {
    "model": "core.user",
    "pk": 11,
    "fields": {
      "username": "ugEsa",
      "email": "eius.fuga@students.uni.ac",
      "password": "pbkdf2_sha256$870000$4C2qzkpOliXcsK6V51IqmV$8BODnnmbL0z6aQg+PTqZTYPaaSi4NsRZRPKwjBfMXvU=",
      "first_name": "Fuga",
      "last_name": "Eius",
      "last_login": null,
      "is_staff": false,
      "is_active": true,
      "is_superuser": false,
      "date_joined": "2025-01-20T19:13:16.332441+00:00",
      "groups": [],
      "roles": [3],
      "user_permissions": []
    }
  },
  {
    "model": "core.user",
    "pk": 12,
    "fields": {
      "username": "Dloe",
      "email": "error.doloremque@yahoomail.com",
      "password": "pbkdf2_sha256$870000$g8GeuQgNhT8OlNDNcJToqV$x5gOJ2/sKLiAFUwxX1ak1LFjpCiEBgAKufqu3QbwOtM=",
      "first_name": "Doloremque",
      "last_name": "Error",
      "last_login": "2025-01-26T06:41:05.155016+00:00",
      "is_staff": true,
      "is_active": true,
      "is_superuser": false,
      "date_joined": "2025-01-07T19:13:17.155053+00:00",
      "groups": [],
      "roles": [1, 2, 3],
      "user_permissions": []
    }
  },
  {
    "model": "core.user",
    "pk": 13,
    "fields": {
      "username": "Nem",
      "email": "nostrum.veniam@velit.ac",
      "password": "pbkdf2_sha256$870000$wzdMbiJd031YKL7pni5U93$l1frr65guUk9q4/W6I+6lcw3nnF05f8wpS3hz6L/ovg=",
      "first_name": "Veniam",
      "last_name": "Nostrum",
      "last_login": null,
      "is_staff": false,
      "is_active": true,
      "is_superuser": false,
      "date_joined": "2025-02-11T19:13:17.896526+00:00",
      "groups": [],
      "roles": [3],
      "user_permissions": []
    }
  },
  {
    "model": "core.user",
    "pk": 14,
    "fields": {
      "username": "bg",
      "email": "doloribus.magnam@yahoomail.com",
      "password": "pbkdf2_sha256$870000$UFbAZWRYdttH0H3gAoExNE$vDAixGc4EIao+wzylOyxPuO4GlXa7U4LIoA6CpEWre0=",
      "first_name": "Magnam",
      "last_name": "Doloribus",
      "last_login": "2025-03-04T07:47:28.890598+00:00",
      "is_staff": false,
      "is_active": true,
      "is_superuser": false,
      "date_joined": "2025-02-23T19:13:18.890636+00:00",
      "groups": [],
      "roles": [3],
      "user_permissions": []
    }
  },
  {
    "model": "core.user",
    "pk": 15,
    "fields": {
      "username": "iilou",
      "email": "doloribus.fugit@example.com",
      "password": "pbkdf2_sha256$870000$ssuIBvOkk1LvihpRNQwJNP$Bq3JM6Jc1w3xUaE5rU2dB0TvilGJMctr/SNUMVPAs40=",
      "first_name": "Fugit",
      "last_name": "Doloribus",
      "last_login": null,
      "is_staff": false,
      "is_active": true,
      "is_superuser": false,
      "date_joined": "2025-03-14T19:13:19.667591+00:00",
      "groups": [],
      "roles": [3],
      "user_permissions": []
    }
  },
  {
    "model": "core.user",
    "pk": 16,
    "fields": {
      "username": "oVua",
      "email": "tempora.voluptate@outlook.com",
      "password": "pbkdf2_sha256$870000$6tkBhHow9n7Q4hsMJUoWUc$zA4EYT3d06AvR9M+O2WdHcdYdQzW+wP1WfoYWC1v7M4=",
      "first_name": "Voluptate",
      "last_name": "Tempora",
      "last_login": "2025-02-20T02:55:03.404594+00:00",
      "is_staff": false,
      "is_active": true,
      "is_superuser": true,
      "date_joined": "2025-02-09T19:13:20.404637+00:00",
      "groups": [],
      "roles": [3],
      "user_permissions": []
    }
  },
  {
    "model": "core.user",
    "pk": 17,
    "fields": {
      "username": "atl",
      "email": "culpa.impedit@yahoomail.com",
      "password": "pbkdf2_sha256$870000$JuT9WxPy101iO71VVS9sKw$+7GTPtY0yhvxbIeXt3rQAcp1aHbZlTOoFIQzdEQzclM=",
      "first_name": "Impedit",
      "last_name": "Culpa",
      "last_login": null,
      "is_staff": false,
      "is_active": true,
      "is_superuser": false,
      "date_joined": "2025-03-24T19:13:21.491260+00:00",
      "groups": [],
      "roles": [3],
      "user_permissions": []
    }
  },
  {
    "model": "core.user",
    "pk": 18,
    "fields": {
      "username": "nsouN",
      "email": "possimus.non@gmail.com",
      "password": "pbkdf2_sha256$870000$0CUBtHoCwHhMJ7jQxWAS1w$8dwTVuh/0gUa7lJdu5h+VoscPRaNCWUs7cqV2F8IcR8=",
      "first_name": "Non",
      "last_name": "Possimus",
      "last_login": null,
      "is_staff": false,
      "is_active": true,
      "is_superuser": false,
      "date_joined": "2025-02-21T19:13:22.325714+00:00",
      "groups": [],
      "roles": [3],
      "user_permissions": []
    }
  },
  {
    "model": "core.faculty",
    "pk": 1,
    "fields": {
      "name": "Engineering",
      "description": "Veniam repellendus earum quae iste perspiciatis sapiente voluptate dolorum incidunt fugiat quis, maiores nemo perferendis tempore a, blanditiis veniam ut quos fugit harum nemo qui omnis, quos a eos illo suscipit distinctio.\nConsequuntur explicabo enim",
      "created_at": "2025-03-29T19:13:22.325795+00:00"
    }
  },
  {
    "model": "core.faculty",
    "pk": 2,
    "fields": {
      "name": "Arts and Humanities",
      "description": "Quidem sint minima error dolor molestias quas nulla ea, autem aliquid iure expedita quas commodi velit numquam recusandae possimus, vitae eum dolorem exercitationem voluptatem deserunt iure reprehenderit amet explicabo commodi voluptatum.",
      "created_at": "2025-01-02T19:13:22.325886+00:00"
    }
  },
  {
    "model": "core.faculty",
    "pk": 3,
    "fields": {
      "name": "Medicine",
      "description": "Culpa in facilis esse expedita dolor debitis rerum quibusdam fuga asperiores, repellendus sint possimus vero magni voluptatem numquam, pariatur quo accusamus inventore soluta quos iure odit ullam magnam in, similique non asperiores ratione ipsa dolore",
      "created_at": "2025-02-18T19:13:22.325929+00:00"
    }
  },
  {
    "model": "core.faculty",
    "pk": 4,
    "fields": {
      "name": "Bussiness",
      "description": "Illum nemo quod consectetur ad molestias modi perspiciatis?",
      "created_at": "2025-03-17T19:13:22.325976+00:00"
    }
  },
  {
    "model": "core.faculty",
    "pk": 5,
    "fields": {
      "name": "Science",
      "description": "Fugiat cum odio, eaque commodi velit aspernatur voluptates earum cupiditate distinctio iusto nam non aut, in quas fuga nostrum labore nulla pariatur quisquam distinctio inventore?",
      "created_at": "2025-02-01T19:13:22.326009+00:00"
    }
  },
  {
    "model": "core.department",
    "pk": 1,
    "fields": {
      "name": "Computer Engineering",
      "description": "Magni nostrum officiis culpa explicabo sequi molestiae incidunt nemo eos ab veritatis, cumque nobis quibusdam error, necessitatibus molestiae obcaecati velit, culpa officiis consequatur porro ad accusamus voluptatum temporibus consequuntur qui",
      "faculty": 1,
      "created_at": "2025-03-29T19:13:22.326051+00:00",
      "updated_at": null
    }
  },
  {
    "model": "core.department",
    "pk": 2,
    "fields": {
      "name": "Electrical Engineering",
      "description": "Vitae aliquid consequuntur tempore modi, hic eveniet unde at natus eaque quisquam distinctio tenetur, dicta cum iure sapiente similique fugit at dolores placeat, facilis illum quidem dolor consectetur nam eligendi blanditiis nihil, magnam minus facere",
      "faculty": 1,
      "created_at": "2024-12-27T19:13:22.326100+00:00",
      "updated_at": "2025-01-19T12:29:45.326100+00:00"
    }
  },
  {
    "model": "core.department",
    "pk": 3,
    "fields": {
      "name": "Civil Engineering",
      "description": "Exercitationem vel ipsa, ad minima accusantium, eum officia error repudiandae dolores molestias numquam?\nArchitecto corporis natus ab blanditiis porro voluptatem dignissimos quidem neque aspernatur accusantium.",
      "faculty": 1,
      "created_at": "2025-01-16T19:13:22.326186+00:00",
      "updated_at": "2025-03-12T14:45:37.326186+00:00"
    }
  },
  {
    "model": "core.department",
    "pk": 4,
    "fields": {
      "name": "Mechanical Engineering",
      "description": "Saepe dolorem cupiditate ex sed eos repellat a eum adipisci, dolores deleniti aliquam commodi modi aliquid natus asperiores nemo, magnam quia tempora perspiciatis optio.",
      "faculty": 1,
      "created_at": "2025-01-27T19:13:22.326247+00:00",
      "updated_at": "2025-03-03T18:23:59.326247+00:00"
    }
  },
  {
    "model": "core.department",
    "pk": 5,
    "fields": {
      "name": "History",
      "description": "Excepturi neque tempore sapiente, tempore ducimus officia quod magni nihil ullam repellendus eos possimus aperiam?",
      "faculty": 2,
      "created_at": "2025-03-13T19:13:22.326283+00:00",
      "updated_at": null
    }
  },
  {
    "model": "core.department",
    "pk": 6,
    "fields": {
      "name": "Philosophy",
      "description": "Iste quis corporis temporibus in vel laboriosam, eum molestiae quas facilis neque quisquam voluptatem a, at veniam iste sed maxime consequatur provident, ab modi odit expedita assumenda iusto optio, amet velit tempora quam eum saepe suscipit perspiciatis",
      "faculty": 2,
      "created_at": "2025-03-14T19:13:22.326310+00:00",
      "updated_at": null
    }
  },
  {
    "model": "core.department",
    "pk": 7,
    "fields": {
      "name": "Literature",
      "description": "Perspiciatis dignissimos velit animi unde nisi recusandae dolor quia odit soluta eos?\nNecessitatibus ipsam aspernatur provident cumque beatae illo numquam assumenda?",
      "faculty": 2,
      "created_at": "2025-03-04T19:13:22.326359+00:00",
      "updated_at": null
    }
  },
  {
    "model": "core.department",
    "pk": 8,
    "fields": {
      "name": "Languages",
      "description": "Minima asperiores error consectetur corporis explicabo sunt, odit esse unde aut quae quos ipsum obcaecati voluptatibus voluptates, voluptates aliquam excepturi tempora debitis corporis.",
      "faculty": 2,
      "created_at": "2025-02-21T19:13:22.326419+00:00",
      "updated_at": "2025-03-03T16:47:59.326419+00:00"
    }
  },
  {
    "model": "core.department",
    "pk": 9,
    "fields": {
      "name": "Pediatrics",
      "description": "Dicta perferendis exercitationem reprehenderit consequuntur, itaque aspernatur enim porro error eveniet omnis cum dignissimos temporibus animi natus, in labore odit iure cumque aspernatur excepturi, doloribus modi ut corporis libero necessitatibus",
      "faculty": 3,
      "created_at": "2025-03-20T19:13:22.326454+00:00",
      "updated_at": "2025-03-28T07:00:26.326454+00:00"
    }
  },
  {
    "model": "core.department",
    "pk": 10,
    "fields": {
      "name": "Anatomy",
      "description": "Corrupti autem id?\nDebitis amet reiciendis dolores.",
      "faculty": 3,
      "created_at": "2025-02-11T19:13:22.326508+00:00",
      "updated_at": null
    }
  },
  {
    "model": "core.department",
    "pk": 11,
    "fields": {
      "name": "Surgery",
      "description": "Veniam reprehenderit nesciunt?",
      "faculty": 3,
      "created_at": "2025-03-29T19:13:22.326533+00:00",
      "updated_at": "2025-03-30T13:19:01.326533+00:00"
    }
  },
  {
    "model": "core.department",
    "pk": 12,
    "fields": {
      "name": "Psychiatry",
      "description": "Rerum odit dignissimos a accusamus voluptatem reiciendis labore iure voluptate laborum, culpa optio consectetur hic aspernatur, nihil quas placeat eaque totam aperiam ex exercitationem quaerat iure eligendi, natus iste perferendis minus id obcaecati",
      "faculty": 3,
      "created_at": "2025-01-05T19:13:22.326555+00:00",
      "updated_at": "2025-02-22T23:47:17.326555+00:00"
    }
  },
  {
    "model": "core.department",
    "pk": 13,
    "fields": {
      "name": "Marketing",
      "description": "Rerum quae reprehenderit optio reiciendis quasi maiores facilis ipsam, assumenda maiores sit repudiandae animi necessitatibus, ratione at reiciendis nemo quisquam ea adipisci ducimus earum voluptas corporis velit.",
      "faculty": 4,
      "created_at": "2025-01-06T19:13:22.326605+00:00",
      "updated_at": "2025-01-22T15:06:13.326605+00:00"
    }
  },
  {
    "model": "core.department",
    "pk": 14,
    "fields": {
      "name": "Accounting",
      "description": "Ratione reprehenderit doloribus, temporibus eaque similique labore veniam beatae, rem incidunt cumque fuga eaque quaerat sequi illo modi, unde placeat qui reiciendis et sit cumque beatae consequatur?\nVoluptas nam mollitia quos.",
      "faculty": 4,
      "created_at": "2025-02-18T19:13:22.326642+00:00",
      "updated_at": "2025-02-26T14:43:19.326642+00:00"
    }
  },
  {
    "model": "core.department",
    "pk": 15,
    "fields": {
      "name": "Finance",
      "description": "Incidunt aliquam provident, laborum at fugit animi ipsa voluptas, modi a quas sint ullam quasi natus, ex natus necessitatibus pariatur sapiente alias molestias corrupti recusandae facilis maiores quae, dolorem iusto labore illum veritatis",
      "faculty": 4,
      "created_at": "2025-03-31T19:13:22.326688+00:00",
      "updated_at": null
    }
  },
  {
    "model": "core.department",
    "pk": 16,
    "fields": {
      "name": "Management",
      "description": "Autem quae quasi vel in suscipit itaque odit dolor explicabo, ab ipsa laboriosam labore veniam, fugit incidunt quas quisquam praesentium aliquid tenetur dolorum optio quos officiis.",
      "faculty": 4,
      "created_at": "2025-03-14T19:13:22.326743+00:00",
      "updated_at": null
    }
  },
  {
    "model": "core.department",
    "pk": 17,
    "fields": {
      "name": "Chemistry",
      "description": "Minima quam nemo dolor ducimus maxime maiores, aliquam ducimus natus voluptates, dolores dolore est dignissimos consectetur atque molestiae maxime accusantium velit?",
      "faculty": 5,
      "created_at": "2025-03-11T19:13:22.326778+00:00",
      "updated_at": null
    }
  },
  {
    "model": "core.department",
    "pk": 18,
    "fields": {
      "name": "Mathematics",
      "description": "Ullam nulla excepturi praesentium eveniet enim.",
      "faculty": 5,
      "created_at": "2025-02-01T19:13:22.326810+00:00",
      "updated_at": "2025-02-16T20:42:57.326810+00:00"
    }
  },
  {
    "model": "core.department",
    "pk": 19,
    "fields": {
      "name": "Biology",
      "description": "Quos dolorem corrupti deserunt, facilis cupiditate corrupti enim quas maxime eaque quidem laboriosam, doloribus dicta quaerat adipisci error necessitatibus autem provident iste quidem, maxime incidunt commodi ipsam officia magni molestiae sint illo,",
      "faculty": 5,
      "created_at": "2025-03-25T19:13:22.326837+00:00",
      "updated_at": null
    }
  },
  {
    "model": "core.department",
    "pk": 20,
    "fields": {
      "name": "Physics",
      "description": "Reprehenderit dolore architecto id iure assumenda, veritatis quod tempora ea ex magni dolorum dolorem, similique corporis labore tempora voluptatum inventore ab, omnis consequatur atque quam corporis maiores voluptate.",
      "faculty": 5,
      "created_at": "2025-03-05T19:13:22.326895+00:00",
      "updated_at": null
    }
  },
  {
    "model": "core.department",
    "pk": 21,
    "fields": {
      "name": "Computer Science",
      "description": "Iure minima dolores doloremque quam nobis, ex reiciendis reprehenderit velit corporis officia quidem ut magni, ad quo corporis ipsam nostrum odit rem autem expedita ducimus.",
      "faculty": 5,
      "created_at": "2025-02-03T19:13:22.326934+00:00",
      "updated_at": "2025-02-16T02:30:13.326934+00:00"
    }
  },
  {
    "model": "core.staff",
    "pk": 1,
    "fields": { "departments": [18, 21, 19, 20] }
  },
  { "model": "core.staff", "pk": 2, "fields": { "departments": [14] } },
  {
    "model": "core.staff",
    "pk": 5,
    "fields": { "departments": [17, 19, 20, 18] }
  },
  { "model": "core.staff", "pk": 7, "fields": { "departments": [6] } },
  { "model": "core.staff", "pk": 12, "fields": { "departments": [15] } },
  {
    "model": "core.student",
    "pk": 3,
    "fields": { "student_no": "S-qYyvN-2023" }
  },
  {
    "model": "core.student",
    "pk": 4,
    "fields": { "student_no": "S-JdWCs-2025" }
  },
  {
    "model": "core.student",
    "pk": 6,
    "fields": { "student_no": "S-7qsu5-2025" }
  },
  {
    "model": "core.student",
    "pk": 8,
    "fields": { "student_no": "S-B6FaG-2024" }
  },
  {
    "model": "core.student",
    "pk": 9,
    "fields": { "student_no": "S-lNomY-2022" }
  },
  {
    "model": "core.student",
    "pk": 10,
    "fields": { "student_no": "S-twYGK-2024" }
  },
  {
    "model": "core.student",
    "pk": 11,
    "fields": { "student_no": "S-0IhFg-2024" }
  },
  {
    "model": "core.student",
    "pk": 13,
    "fields": { "student_no": "S-RtgQL-2024" }
  },
  {
    "model": "core.student",
    "pk": 14,
    "fields": { "student_no": "S-vSKGY-2024" }
  },
  {
    "model": "core.student",
    "pk": 15,
    "fields": { "student_no": "S-iTgKm-2024" }
  },
  {
    "model": "core.student",
    "pk": 17,
    "fields": { "student_no": "S-7pq1E-2024" }
  },
  {
    "model": "core.student",
    "pk": 18,
    "fields": { "student_no": "S-HBPTm-2024" }
  },
  {
    "model": "core.category",
    "pk": 1,
    "fields": {
      "name": "ipsa",
      "description": "Repudiandae eaque laborum sunt sapiente doloremque aut nam architecto?\nMinus blanditiis incidunt tempore reprehenderit doloremque pariatur voluptatibus et quaerat corrupti est, reiciendis eos error aut?"
    }
  },
  {
    "model": "core.category",
    "pk": 2,
    "fields": {
      "name": "quam",
      "description": "Debitis porro voluptatum molestiae delectus laudantium aliquam iste iure eum neque optio, assumenda expedita at et laborum ullam ipsum libero?"
    }
  },
  {
    "model": "core.category",
    "pk": 3,
    "fields": {
      "name": "porro",
      "description": "Eos impedit voluptatum ducimus natus fugit porro, accusamus voluptatibus facilis rerum incidunt ipsa nulla itaque deleniti praesentium minima natus, quo praesentium pariatur laudantium ab et repudiandae earum commodi impedit, quia praesentium quas rem"
    }
  },
  {
    "model": "core.category",
    "pk": 4,
    "fields": {
      "name": "laborum",
      "description": "Sit odit beatae est atque accusantium tempore molestiae aspernatur ducimus eum assumenda, quas pariatur corrupti est itaque soluta debitis a, nihil nisi eos commodi officiis optio magnam delectus, at amet ratione repellendus quisquam cumque explicabo quam"
    }
  },
  {
    "model": "core.category",
    "pk": 5,
    "fields": {
      "name": "omnis",
      "description": "Odio quaerat nesciunt facilis esse consequatur quia ipsum ad sunt ratione pariatur?\nTotam modi deserunt repellat recusandae assumenda aliquam, adipisci beatae dicta quasi, quae facere libero soluta velit iusto accusantium dolore aspernatur laborum, magnam"
    }
  },
  {
    "model": "core.category",
    "pk": 6,
    "fields": {
      "name": "aut",
      "description": "Ut laboriosam repudiandae amet culpa reprehenderit possimus fugiat pariatur vel velit dolore, beatae architecto ex necessitatibus illo maiores velit, sint sed distinctio voluptates quasi.\nMagnam voluptatibus velit laborum enim labore maiores voluptate"
    }
  },
  {
    "model": "core.category",
    "pk": 7,
    "fields": {
      "name": "veritatis",
      "description": "Tempore officia quaerat explicabo nam et cupiditate quo, nisi cumque corporis alias vero provident, veritatis in totam.\nIllo perspiciatis sunt eaque iure minima voluptatibus dolores omnis natus?"
    }
  },
  {
    "model": "core.category",
    "pk": 8,
    "fields": {
      "name": "ad",
      "description": "Ab ratione incidunt voluptates similique cumque in minus, dignissimos cupiditate nisi vitae odit, doloribus blanditiis sit obcaecati unde consequatur libero accusantium distinctio vel.\nIure eius officiis nam iusto, eligendi accusantium velit alias nihil."
    }
  },
  {
    "model": "core.category",
    "pk": 9,
    "fields": {
      "name": "earum",
      "description": "Voluptatibus dolor hic temporibus cumque error fugit velit veniam, vero sed doloribus veniam fugiat eum, obcaecati tempore quo in, corporis cupiditate animi doloribus dolorem, quaerat molestiae facilis maiores aliquid ut cumque repellat.\nVoluptatem"
    }
  },
  {
    "model": "core.category",
    "pk": 10,
    "fields": {
      "name": "labore",
      "description": "Similique unde pariatur obcaecati molestiae labore, quis quod ex iure qui perspiciatis quae quaerat modi tenetur facilis quidem, consectetur voluptate earum aspernatur vel ipsam, veritatis sequi nihil soluta sunt."
    }
  },
  {
    "model": "core.category",
    "pk": 11,
    "fields": {
      "name": "blanditiis",
      "description": "Alias quod quo quia mollitia, doloremque eaque quos sunt nulla deleniti quod ex alias architecto?\nEx at assumenda enim, maiores illum in laborum dicta minus adipisci quidem facilis, unde doloremque voluptas eos deserunt magni fugit illum voluptate quo"
    }
  },
  {
    "model": "core.category",
    "pk": 12,
    "fields": {
      "name": "impedit",
      "description": "Quae possimus ratione saepe mollitia cum illo quas aperiam quasi ipsa, alias doloremque molestias sequi excepturi, corporis quo error impedit vero repudiandae facilis molestias cumque perspiciatis laborum.\nCorporis perspiciatis accusantium architecto"
    }
  },
  {
    "model": "core.category",
    "pk": 13,
    "fields": {
      "name": "in",
      "description": "Labore illo necessitatibus blanditiis delectus aut veniam neque.\nPossimus dolorum culpa sint non, dignissimos officia similique deserunt inventore fuga quidem odit ut corrupti delectus incidunt, enim aliquid veritatis reiciendis ipsam libero numquam"
    }
  },
  {
    "model": "core.category",
    "pk": 14,
    "fields": {
      "name": "nisi",
      "description": "Eius ad nostrum mollitia, facilis adipisci commodi aliquam necessitatibus ea, praesentium libero voluptatibus nam ratione sint quasi tenetur veniam ipsam blanditiis ipsum, eos cupiditate doloremque minima quisquam in, esse aperiam aspernatur dolorum ipsam"
    }
  },
  {
    "model": "core.category",
    "pk": 15,
    "fields": {
      "name": "eos",
      "description": "Rem nihil dolor vel ad quisquam optio facere et earum aut illo, amet odit architecto nihil cupiditate ut mollitia fuga vitae aperiam harum est, optio neque velit praesentium reiciendis eaque vel provident, dolor aperiam voluptate?\nOmnis dolor amet, in"
    }
  },
  {
    "model": "core.category",
    "pk": 16,
    "fields": {
      "name": "distinctio",
      "description": "Repellat mollitia dolorum corrupti nostrum libero nesciunt sit reiciendis provident doloremque.\nEveniet placeat recusandae maxime eaque asperiores quidem harum, ipsum esse officiis autem aliquam numquam saepe perferendis dolorem, accusamus tenetur aliquid"
    }
  },
  {
    "model": "core.category",
    "pk": 17,
    "fields": {
      "name": "assumenda",
      "description": "Maxime architecto reprehenderit voluptatum, aspernatur assumenda molestiae accusamus reprehenderit sapiente quia non ducimus in, quaerat odio placeat modi vitae, vel provident voluptatum voluptatibus veritatis odio non necessitatibus repudiandae, nemo"
    }
  },
  {
    "model": "core.category",
    "pk": 18,
    "fields": {
      "name": "esse",
      "description": "Similique cum voluptatibus eaque laborum nisi magnam, vero ratione quae, blanditiis enim debitis magnam?"
    }
  },
  {
    "model": "core.issue",
    "pk": 1,
    "fields": {
      "owner": 15,
      "assignee": 12,
      "title": "voluptate hic perspiciatis natus vitae optio ullam est voluptatibus",
      "description": null,
      "status": 8,
      "categories": [],
      "priority": 2,
      "escalation_level": 2,
      "notes": "Quis odio tenetur eveniet itaque modi. Quis atque ratione? Culpa beatae ipsum dolorem magnam cum incidunt ad soluta voluptates, quidem reprehenderit hic quo nemo doloribus nobis ratione illo, facilis minus cum tempora? Vitae officia aspernatur sunt minima illo delectus porro rerum in quod, alias laborum asperiores.",
      "created_at": "2025-03-08T19:13:22.327967+00:00",
      "updated_at": null
    }
  },
  {
    "model": "core.issue",
    "pk": 2,
    "fields": {
      "owner": 14,
      "assignee": null,
      "title": "iste quis sed sint reprehenderit",
      "description": "Ex sunt molestiae molestias dolor dicta commodi rerum architecto necessitatibus ratione corporis, dicta commodi temporibus suscipit aliquid libero quia natus mollitia distinctio labore nostrum, quo aspernatur ducimus voluptatibus quasi cumque, facilis",
      "status": 4,
      "categories": [14, 2, 18, 12, 3, 7, 10, 8, 15, 13],
      "priority": 2,
      "escalation_level": 1,
      "notes": null,
      "created_at": "2025-03-07T19:13:22.330920+00:00",
      "updated_at": null
    }
  },
  {
    "model": "core.issue",
    "pk": 3,
    "fields": {
      "owner": 15,
      "assignee": null,
      "title": "porro fuga praesentium eius temporibus pariatur modi nihil obcaecati",
      "description": "Quisquam culpa explicabo molestias quia eius commodi cumque animi possimus, quo ducimus corrupti ut dicta pariatur inventore earum hic consectetur necessitatibus blanditiis, dolorum officiis assumenda eum ex ad facere repellat qui consequuntur?\nDelectus",
      "status": 8,
      "categories": [12, 6],
      "priority": 8,
      "escalation_level": 4,
      "notes": null,
      "created_at": "2025-02-07T19:13:22.331001+00:00",
      "updated_at": "2025-02-20T00:23:54.331001+00:00"
    }
  },
  {
    "model": "core.issue",
    "pk": 4,
    "fields": {
      "owner": 15,
      "assignee": 2,
      "title": "voluptas repellendus voluptates ipsam dicta eos asperiores soluta distinctio aliquid",
      "description": null,
      "status": 2,
      "categories": [17, 7, 6, 3, 14, 10, 2, 5, 12, 18, 9, 1],
      "priority": 4,
      "escalation_level": 4,
      "notes": null,
      "created_at": "2024-12-22T19:13:22.331085+00:00",
      "updated_at": "2025-01-11T17:17:27.331085+00:00"
    }
  },
  {
    "model": "core.issue",
    "pk": 5,
    "fields": {
      "owner": 10,
      "assignee": null,
      "title": "fuga veniam ipsa sequi est qui",
      "description": null,
      "status": 8,
      "categories": [17, 4, 11, 16, 2],
      "priority": 1,
      "escalation_level": 1,
      "notes": "Culpa assumenda aspernatur ipsum nesciunt hic dignissimos voluptatibus, voluptas dolorum quis porro, recusandae beatae fuga excepturi optio alias eius voluptas repudiandae, vel illum cupiditate vitae dolore rem earum sint ratione dolorem numquam quisquam. Laudantium alias facilis cum quis perferendis nisi iste consectetur ipsa, ipsum fuga asperiores, dolorem veniam officiis quaerat optio incidunt molestias dolor earum, voluptates voluptatum inventore exercitationem ullam dicta ab excepturi nesciunt ducimus praesentium aperiam, sequi a explicabo fugiat rem voluptatum? Odio quasi architecto at veniam delectus dolores aliquam sit repellat, dolores sed maxime vitae corrupti omnis ipsam consequuntur laborum mollitia commodi, autem alias libero magni modi soluta illo fuga quas velit nostrum. Fugit earum qui nam.\nSoluta quos vitae ea, fugit aspernatur dignissimos explicabo vitae, nam distinctio quae saepe animi consectetur pariatur vero?\nDolores nostrum culpa expedita non ex impedit omnis eveniet, sapiente perferendis fugiat quibusdam, incidunt sit assumenda aperiam adipisci suscipit iure molestias quas voluptatem ipsa perspiciatis, suscipit debitis repudiandae adipisci accusamus fugit sed dolorum eius, at totam dolores culpa laudantium illo?\nQuaerat illum repellat expedita ratione quo blanditiis cupiditate tenetur?",
      "created_at": "2025-02-01T19:13:22.331126+00:00",
      "updated_at": "2025-03-27T02:18:39.331126+00:00"
    }
  },
  {
    "model": "core.issue",
    "pk": 6,
    "fields": {
      "owner": 10,
      "assignee": 7,
      "title": "voluptatem explicabo illo enim beatae consequuntur eius",
      "description": null,
      "status": 4,
      "categories": [15, 17, 10, 7, 16, 9, 1, 13, 12, 6, 18, 2, 4],
      "priority": 4,
      "escalation_level": 4,
      "notes": "Necessitatibus et quod quos iste soluta, commodi blanditiis recusandae porro accusantium accusamus hic dignissimos facere, amet excepturi consequatur veritatis nesciunt deserunt, minus tenetur quis dolores debitis corporis sequi necessitatibus aspernatur?\nDebitis autem asperiores atque totam enim alias porro facere id similique.\nPraesentium nostrum cum modi dolorum, adipisci praesentium corrupti cupiditate animi saepe delectus, atque id in facere repellendus, quo cum sit facilis dolorum voluptatum quaerat nisi iure? Quidem molestiae distinctio optio, itaque labore corporis nisi eum accusantium nulla quasi soluta, tenetur eveniet aut recusandae doloribus aspernatur eum nam. Placeat perferendis reiciendis possimus provident fugit sint eius voluptas, nesciunt culpa corporis provident reiciendis placeat. Quod quidem tempora inventore.\nNihil provident deserunt totam animi, animi beatae mollitia? Odit aliquid omnis? Vel doloribus ea nostrum voluptates qui, maiores repellat nulla mollitia eius. Molestiae placeat temporibus pariatur rerum consectetur officia facere, commodi quas velit recusandae?",
      "created_at": "2025-02-15T19:13:22.331301+00:00",
      "updated_at": "2025-03-18T21:37:26.331301+00:00"
    }
  },
  {
    "model": "core.issue",
    "pk": 7,
    "fields": {
      "owner": 6,
      "assignee": 5,
      "title": "ullam quod fugiat architecto minima",
      "description": "Distinctio voluptate voluptatum id molestiae maxime odit impedit, saepe labore vitae laudantium odio, officia eum iste culpa corporis non dolorem iusto totam.",
      "status": 1,
      "categories": [16, 3, 13, 1, 7],
      "priority": 4,
      "escalation_level": 1,
      "notes": null,
      "created_at": "2025-01-14T19:13:22.331475+00:00",
      "updated_at": "2025-02-24T09:39:39.331475+00:00"
    }
  },
  {
    "model": "core.issue",
    "pk": 8,
    "fields": {
      "owner": 18,
      "assignee": null,
      "title": "fugiat quam debitis aut dignissimos omnis",
      "description": "Dolorum tenetur porro quos aspernatur ratione molestias laudantium, voluptatum fuga exercitationem dolore praesentium corrupti nam porro incidunt nobis nisi, magni libero facilis alias vitae deleniti doloremque, sunt nostrum fugiat velit minima magnam?",
      "status": 16,
      "categories": [17, 11, 4, 13, 10, 5, 9, 18, 1, 3, 6, 16, 14, 2, 8, 15],
      "priority": 2,
      "escalation_level": 1,
      "notes": null,
      "created_at": "2025-03-09T19:13:22.331528+00:00",
      "updated_at": "2025-03-30T00:12:01.331528+00:00"
    }
  },
  {
    "model": "core.issue",
    "pk": 9,
    "fields": {
      "owner": 3,
      "assignee": 1,
      "title": "voluptatibus maiores aperiam natus non qui blanditiis",
      "description": "Temporibus voluptatibus deserunt a inventore exercitationem ullam, id enim labore, suscipit corporis voluptates aut illum quas, quia iusto facilis repellat, eos aspernatur corporis.\nAt alias dolorem, sint laudantium sed cum laborum iure mollitia quia",
      "status": 16,
      "categories": [2, 6, 8],
      "priority": 2,
      "escalation_level": 4,
      "notes": null,
      "created_at": "2025-03-02T19:13:22.331588+00:00",
      "updated_at": null
    }
  },
  {
    "model": "core.issue",
    "pk": 10,
    "fields": {
      "owner": 9,
      "assignee": null,
      "title": "odit consequatur eos quia ad dolor dolorem",
      "description": "Vero est a facilis consequatur laborum sint exercitationem tenetur, reiciendis neque cumque adipisci soluta distinctio, vitae eligendi omnis consequuntur ad vel ratione cumque?",
      "status": 16,
      "categories": [9, 17, 1, 3, 5, 10, 18, 2],
      "priority": 8,
      "escalation_level": 4,
      "notes": "Quisquam quos blanditiis, possimus atque dolore natus sunt, expedita dolorum accusantium beatae mollitia quas sunt voluptates, vel aliquid officia deserunt quis fuga similique unde, optio ab unde blanditiis temporibus perspiciatis? Nostrum nisi perspiciatis delectus iure accusantium quos dolorum ipsam neque aliquid, eum nobis doloremque illo quam earum facilis quisquam, deleniti hic blanditiis in libero nostrum culpa vitae maiores, saepe facilis inventore quod dolorem a tempora officia necessitatibus exercitationem natus numquam.",
      "created_at": "2025-02-05T19:13:22.331659+00:00",
      "updated_at": null
    }
  },
  {
    "model": "core.issue",
    "pk": 11,
    "fields": {
      "owner": 8,
      "assignee": 7,
      "title": "eius reprehenderit ipsa quos nobis quo",
      "description": "Odit eius eveniet qui.\nNumquam modi porro nam, eligendi officiis reiciendis voluptas commodi maiores, velit repellendus unde esse vel quas animi provident incidunt.",
      "status": 4,
      "categories": [9, 13, 6, 15, 1, 8, 12, 17, 14, 11, 5, 3, 4, 16, 18],
      "priority": 2,
      "escalation_level": 4,
      "notes": null,
      "created_at": "2025-03-28T19:13:22.331762+00:00",
      "updated_at": null
    }
  },
  {
    "model": "core.issue",
    "pk": 12,
    "fields": {
      "owner": 9,
      "assignee": 5,
      "title": "possimus cum tempore repellendus id porro similique itaque nulla placeat",
      "description": null,
      "status": 2,
      "categories": [3, 7, 2, 1, 13, 5, 6, 9],
      "priority": 8,
      "escalation_level": 1,
      "notes": null,
      "created_at": "2025-03-23T19:13:22.331819+00:00",
      "updated_at": null
    }
  },
  {
    "model": "core.attachment",
    "pk": 1,
    "fields": {
      "file": "f70f69fc-cf8b-4ec7-8572-32e6689c2fc2",
      "issue_id": 5,
      "name": "doloribus adipisci minima quae.docx",
      "type": "application/vnd.openxmlformats-officedocument.wordprocessingml.document",
      "size": 625545,
      "created_at": "2025-01-08T19:13:22.331876+00:00"
    }
  },
  {
    "model": "core.attachment",
    "pk": 2,
    "fields": {
      "file": "0394755d-0c1b-472a-a2c4-db8e00bebfa7",
      "issue_id": 10,
      "name": "fugit minima voluptate obcaecati blanditiis.webp",
      "type": "image/webp",
      "size": 5155774,
      "created_at": "2025-03-11T19:13:22.331943+00:00"
    }
  },
  {
    "model": "core.attachment",
    "pk": 3,
    "fields": {
      "file": "45699640-0fc8-4bea-9088-7e2806263512",
      "issue_id": 7,
      "name": "quaerat_officiis_odio_reiciendis_ad_facilis.ppt",
      "type": "application/vnd.openxmlformats-officedocument.presentationml.presentation",
      "size": 3635823,
      "created_at": "2025-02-26T19:13:22.331991+00:00"
    }
  },
  {
    "model": "core.attachment",
    "pk": 4,
    "fields": {
      "file": "1055de34-1603-4245-931f-518ae32adfae",
      "issue_id": 11,
      "name": "esse qui delectus dicta deserunt magni unde.ppt",
      "type": "application/vnd.openxmlformats-officedocument.presentationml.presentation",
      "size": 541943,
      "created_at": "2025-03-05T19:13:22.332043+00:00"
    }
  },
  {
    "model": "core.attachment",
    "pk": 5,
    "fields": {
      "file": "493f8e2d-07a3-471c-a552-04673a5905ef",
      "issue_id": 11,
      "name": "voluptatibus_vero_natus_voluptate_corrupti_officia_at_odit.pdf",
      "type": "application/pdf",
      "size": 2354783,
      "created_at": "2025-01-09T19:13:22.332084+00:00"
    }
  },
  {
    "model": "core.attachment",
    "pk": 6,
    "fields": {
      "file": "687140af-dc24-49a0-941a-fd1a6f6068a9",
      "issue_id": 10,
      "name": "distinctio_molestiae_deleniti.docx",
      "type": "application/vnd.openxmlformats-officedocument.wordprocessingml.document",
      "size": 2109446,
      "created_at": "2025-03-01T19:13:22.332120+00:00"
    }
  },
  {
    "model": "core.attachment",
    "pk": 7,
    "fields": {
      "file": "7538efcc-9d4b-4b4d-bd8c-9e426d1a51c9",
      "issue_id": 2,
      "name": "quidem-ipsum-sit.txt",
      "type": "text/plain",
      "size": 2132277,
      "created_at": "2025-02-05T19:13:22.332153+00:00"
    }
  },
  {
    "model": "core.attachment",
    "pk": 8,
    "fields": {
      "file": "efce233b-c570-4cba-b2ec-4263dfa5ca2f",
      "issue_id": 1,
      "name": "voluptates_iure_ad_totam_ut.ppt",
      "type": "application/vnd.openxmlformats-officedocument.presentationml.presentation",
      "size": 4158621,
      "created_at": "2025-02-26T19:13:22.332189+00:00"
    }
  },
  {
    "model": "core.attachment",
    "pk": 9,
    "fields": {
      "file": "66f0c32a-53fc-4cd8-a047-5d1495a61053",
      "issue_id": 11,
      "name": "dignissimos-quisquam-eius-culpa-doloribus-est.pptx",
      "type": "application/vnd.openxmlformats-officedocument.presentationml.presentation",
      "size": 633850,
      "created_at": "2024-12-30T19:13:22.332226+00:00"
    }
  },
  {
    "model": "core.attachment",
    "pk": 10,
    "fields": {
      "file": "907ad6f6-8912-42f1-8298-8487bde57384",
      "issue_id": 1,
      "name": "ullam_assumenda_corrupti_a_eos_quia.png",
      "type": "image/png",
      "size": 4606076,
      "created_at": "2025-02-08T19:13:22.332266+00:00"
    }
  },
  {
    "model": "core.attachment",
    "pk": 11,
    "fields": {
      "file": "3b5645c3-965a-470c-952c-7082eb1812b2",
      "issue_id": 6,
      "name": "deserunt_modi_corporis_quia.docx",
      "type": "application/vnd.openxmlformats-officedocument.wordprocessingml.document",
      "size": 3697262,
      "created_at": "2024-12-26T19:13:22.332301+00:00"
    }
  },
  {
    "model": "core.attachment",
    "pk": 12,
    "fields": {
      "file": "59740136-f09c-491b-b2f7-9b05f2612b05",
      "issue_id": 2,
      "name": "necessitatibus sed ratione facilis nemo in magni.doc",
      "type": "application/vnd.openxmlformats-officedocument.wordprocessingml.document",
      "size": 3277368,
      "created_at": "2025-04-01T19:13:22.332337+00:00"
    }
  },
  {
    "model": "core.attachment",
    "pk": 13,
    "fields": {
      "file": "4e6fd720-f1e8-474d-bd90-e2eb27dae2af",
      "issue_id": 2,
      "name": "fuga a repellendus quasi corrupti laborum.png",
      "type": "image/png",
      "size": 91127,
      "created_at": "2025-02-23T19:13:22.332814+00:00"
    }
  },
  {
    "model": "core.attachment",
    "pk": 14,
    "fields": {
      "file": "2ce5be3c-0ae0-41a1-95ec-f9ee16a001ea",
      "issue_id": 1,
      "name": "eius_porro_nam_repellat.pdf",
      "type": "application/pdf",
      "size": 8629106,
      "created_at": "2025-02-19T19:13:22.332959+00:00"
    }
  },
  {
    "model": "core.attachment",
    "pk": 15,
    "fields": {
      "file": "750f3785-f64a-472c-a0e5-f681dbacf1b1",
      "issue_id": 3,
      "name": "voluptatibus_consectetur_dolorem_id_aspernatur_ex_doloremque_esse.webp",
      "type": "image/webp",
      "size": 1713215,
      "created_at": "2025-02-28T19:13:22.333482+00:00"
    }
  },
  {
    "model": "core.attachment",
    "pk": 16,
    "fields": {
      "file": "7eb8d513-3e82-4784-a8bf-6cf0d1dc1043",
      "issue_id": 1,
      "name": "voluptate_qui_aspernatur_provident_quia_quos_iusto_nam.jpeg",
      "type": "image/jpeg",
      "size": 3515207,
      "created_at": "2025-01-09T19:13:22.333628+00:00"
    }
  },
  {
    "model": "core.attachment",
    "pk": 17,
    "fields": {
      "file": "f0d7e2e5-a8de-4a67-899c-4d8b310a0a33",
      "issue_id": 2,
      "name": "ducimus-quam-sapiente-suscipit-labore-esse-nihil.docx",
      "type": "application/vnd.openxmlformats-officedocument.wordprocessingml.document",
      "size": 447840,
      "created_at": "2025-02-09T19:13:22.333751+00:00"
    }
  },
  {
    "model": "core.attachment",
    "pk": 18,
    "fields": {
      "file": "a4831581-f498-4942-a968-d3e6a517ea95",
      "issue_id": 6,
      "name": "unde corrupti nobis iste minus repellendus.jpg",
      "type": "image/jpeg",
      "size": 804269,
      "created_at": "2025-01-14T19:13:22.333834+00:00"
    }
  },
  {
    "model": "core.attachment",
    "pk": 19,
    "fields": {
      "file": "c1167120-425b-4c09-bc78-e936bc81ad2c",
      "issue_id": 6,
      "name": "molestiae_minus_provident_adipisci.docx",
      "type": "application/vnd.openxmlformats-officedocument.wordprocessingml.document",
      "size": 3682430,
      "created_at": "2025-03-21T19:13:22.333903+00:00"
    }
  },
  {
    "model": "core.attachment",
    "pk": 20,
    "fields": {
      "file": "75578f69-0541-4abf-8b7f-e1154713b3b7",
      "issue_id": 12,
      "name": "ullam.pdf",
      "type": "application/pdf",
      "size": 3729757,
      "created_at": "2025-01-28T19:13:22.334284+00:00"
    }
  },
  {
    "model": "core.attachment",
    "pk": 21,
    "fields": {
      "file": "c9a898ae-891f-4904-a718-af485f016b8f",
      "issue_id": 1,
      "name": "omnis_esse.doc",
      "type": "application/vnd.openxmlformats-officedocument.wordprocessingml.document",
      "size": 2628949,
      "created_at": "2025-02-04T19:13:22.334458+00:00"
    }
  },
  {
    "model": "core.attachment",
    "pk": 22,
    "fields": {
      "file": "3e9a2b37-e134-4d9d-9b44-8e44e372456e",
      "issue_id": 10,
      "name": "atque-ab-assumenda-dicta-quaerat.doc",
      "type": "application/vnd.openxmlformats-officedocument.wordprocessingml.document",
      "size": 4377427,
      "created_at": "2025-01-31T19:13:22.334618+00:00"
    }
  },
  {
    "model": "core.attachment",
    "pk": 23,
    "fields": {
      "file": "4491af89-9513-4e0f-a13d-3fc15c180b83",
      "issue_id": 3,
      "name": "alias_tempora_ducimus_doloribus_ad.png",
      "type": "image/png",
      "size": 1794837,
      "created_at": "2025-03-12T19:13:22.334749+00:00"
    }
  },
  {
    "model": "core.attachment",
    "pk": 24,
    "fields": {
      "file": "b08576cf-19a2-48be-bae0-8e87049512f0",
      "issue_id": 1,
      "name": "iusto vitae quasi autem quisquam porro obcaecati.webp",
      "type": "image/webp",
      "size": 3411755,
      "created_at": "2025-03-21T19:13:22.334838+00:00"
    }
  },
  {
    "model": "core.attachment",
    "pk": 25,
    "fields": {
      "file": "73df4a97-c76e-49de-bb5b-6af555b363f2",
      "issue_id": 9,
      "name": "nam-praesentium-non-fuga-dolor-impedit-sed-alias.png",
      "type": "image/png",
      "size": 294142,
      "created_at": "2024-12-25T19:13:22.334984+00:00"
    }
  },
  {
    "model": "core.attachment",
    "pk": 26,
    "fields": {
      "file": "486acff8-0aed-487a-9427-f395f1dd67d8",
      "issue_id": 4,
      "name": "reprehenderit-quae.jpeg",
      "type": "image/jpeg",
      "size": 281129,
      "created_at": "2025-02-28T19:13:22.335249+00:00"
    }
  },
  {
    "model": "core.attachment",
    "pk": 27,
    "fields": {
      "file": "9052aab7-7f94-4cb6-b28f-0488453bf9ad",
      "issue_id": 3,
      "name": "saepe_expedita_magnam.doc",
      "type": "application/vnd.openxmlformats-officedocument.wordprocessingml.document",
      "size": 6640227,
      "created_at": "2025-02-05T19:13:22.335379+00:00"
    }
  },
  {
    "model": "core.attachment",
    "pk": 28,
    "fields": {
      "file": "580c18d8-8cc8-47e4-b941-37c4220bef79",
      "issue_id": 1,
      "name": "molestias-non-eveniet-praesentium-adipisci-veniam-accusamus-quam.doc",
      "type": "application/vnd.openxmlformats-officedocument.wordprocessingml.document",
      "size": 4633661,
      "created_at": "2025-02-18T19:13:22.335522+00:00"
    }
  },
  {
    "model": "core.attachment",
    "pk": 29,
    "fields": {
      "file": "c6e4ec49-b217-40ef-8692-9f691c029e11",
      "issue_id": 7,
      "name": "officiis possimus velit cumque recusandae.gif",
      "type": "image/gif",
      "size": 8280516,
      "created_at": "2024-12-27T19:13:22.335591+00:00"
    }
  },
  {
    "model": "core.attachment",
    "pk": 30,
    "fields": {
      "file": "5009f2f1-f2e4-4b0d-b5ed-8e5714b82723",
      "issue_id": 11,
      "name": "animi_ut_sed.pptx",
      "type": "application/vnd.openxmlformats-officedocument.presentationml.presentation",
      "size": 4474021,
      "created_at": "2025-03-08T19:13:22.335738+00:00"
    }
  },
  {
    "model": "core.attachment",
    "pk": 31,
    "fields": {
      "file": "1a1d803a-65d8-45a0-bc66-f22f901a62db",
      "issue_id": 1,
      "name": "deleniti-dignissimos-nobis-placeat-accusamus-illum-quam.pdf",
      "type": "application/pdf",
      "size": 1877523,
      "created_at": "2025-02-07T19:13:22.335846+00:00"
    }
  },
  {
    "model": "core.attachment",
    "pk": 32,
    "fields": {
      "file": "ed571d9b-6bee-4143-816c-4d21644e790b",
      "issue_id": 11,
      "name": "beatae earum nemo saepe perspiciatis.jpg",
      "type": "image/jpeg",
      "size": 933509,
      "created_at": "2025-02-12T19:13:22.336404+00:00"
    }
  },
  {
    "model": "core.attachment",
    "pk": 33,
    "fields": {
      "file": "6d323af4-abc7-476a-b03b-181f28a1ab2a",
      "issue_id": 3,
      "name": "dolore quidem mollitia.jpeg",
      "type": "image/jpeg",
      "size": 33561,
      "created_at": "2025-03-28T19:13:22.336590+00:00"
    }
  },
  {
    "model": "core.attachment",
    "pk": 34,
    "fields": {
      "file": "dbc9e5e1-102a-4dbb-9766-17c150251d38",
      "issue_id": 11,
      "name": "consequuntur ipsum recusandae eveniet dolore mollitia beatae voluptates.pptx",
      "type": "application/vnd.openxmlformats-officedocument.presentationml.presentation",
      "size": 653452,
      "created_at": "2025-03-13T19:13:22.336762+00:00"
    }
  },
  {
    "model": "core.attachment",
    "pk": 35,
    "fields": {
      "file": "2964d855-4e7c-43d3-9ad9-b408b08ed673",
      "issue_id": 7,
      "name": "voluptas.txt",
      "type": "text/plain",
      "size": 913346,
      "created_at": "2025-01-09T19:13:22.336833+00:00"
    }
  },
  {
    "model": "core.attachment",
    "pk": 36,
    "fields": {
      "file": "cee81b64-8fd6-4768-8fdb-6e2d5f6d09fd",
      "issue_id": 5,
      "name": "mollitia.txt",
      "type": "text/plain",
      "size": 1758009,
      "created_at": "2025-01-22T19:13:22.336901+00:00"
    }
  },
  {
    "model": "core.attachment",
    "pk": 37,
    "fields": {
      "file": "e001a7a5-5623-4e73-a0bc-01bfb4229795",
      "issue_id": 8,
      "name": "necessitatibus_dicta_fugit_nostrum_illum_tempore.webp",
      "type": "image/webp",
      "size": 10168628,
      "created_at": "2024-12-31T19:13:22.337056+00:00"
    }
  },
  {
    "model": "core.attachment",
    "pk": 38,
    "fields": {
      "file": "1f6d2d1b-c06b-4e1d-825f-562f9d210b7d",
      "issue_id": 6,
      "name": "delectus-quos-sapiente-hic-laborum-ducimus-amet.jpg",
      "type": "image/jpeg",
      "size": 3336657,
      "created_at": "2025-03-08T19:13:22.337174+00:00"
    }
  },
  {
    "model": "core.attachment",
    "pk": 39,
    "fields": {
      "file": "8a3072d5-d54c-4ce8-9acd-e6067ef5d7e9",
      "issue_id": 1,
      "name": "nam_suscipit_impedit_dolorum_veniam.jpg",
      "type": "image/jpeg",
      "size": 10243,
      "created_at": "2025-02-23T19:13:22.337352+00:00"
    }
  },
  {
    "model": "core.attachment",
    "pk": 40,
    "fields": {
      "file": "7420a134-3b8a-4192-88a3-30b6da9b363d",
      "issue_id": 7,
      "name": "nulla-magnam-in.png",
      "type": "image/png",
      "size": 1741640,
      "created_at": "2025-02-25T19:13:22.337510+00:00"
    }
  },
  {
    "model": "core.attachment",
    "pk": 41,
    "fields": {
      "file": "6e573e4c-aed5-4464-818b-87f91ee05e52",
      "issue_id": 7,
      "name": "tenetur-fuga-doloribus-modi-repellat.doc",
      "type": "application/vnd.openxmlformats-officedocument.wordprocessingml.document",
      "size": 3736462,
      "created_at": "2025-03-12T19:13:22.337576+00:00"
    }
  },
  {
    "model": "core.attachment",
    "pk": 42,
    "fields": {
      "file": "070a4b65-e785-42db-9260-608d0e81f6b6",
      "issue_id": 7,
      "name": "error.txt",
      "type": "text/plain",
      "size": 1556981,
      "created_at": "2025-02-14T19:13:22.337655+00:00"
    }
  },
  {
    "model": "core.attachment",
    "pk": 43,
    "fields": {
      "file": "0ba7b143-0b49-4be9-9f98-086b90332018",
      "issue_id": 7,
      "name": "eaque_eligendi.txt",
      "type": "text/plain",
      "size": 3741641,
      "created_at": "2025-03-27T19:13:22.337736+00:00"
    }
  },
  {
    "model": "core.attachment",
    "pk": 44,
    "fields": {
      "file": "104a5bee-66aa-47ec-b154-bfe874a288ae",
      "issue_id": 11,
      "name": "nam-accusamus.jpeg",
      "type": "image/jpeg",
      "size": 1158964,
      "created_at": "2025-03-29T19:13:22.337949+00:00"
    }
  },
  {
    "model": "core.attachment",
    "pk": 45,
    "fields": {
      "file": "00ae2929-a086-4029-a69d-1acdda3a45b5",
      "issue_id": 1,
      "name": "sed_ea_sit_culpa.jpeg",
      "type": "image/jpeg",
      "size": 5206759,
      "created_at": "2025-03-04T19:13:22.338047+00:00"
    }
  },
  {
    "model": "core.attachment",
    "pk": 46,
    "fields": {
      "file": "f65cdc09-5836-4f3c-ba7a-03ac21760898",
      "issue_id": 2,
      "name": "officiis-architecto-iusto.jpeg",
      "type": "image/jpeg",
      "size": 4113658,
      "created_at": "2025-01-28T19:13:22.338202+00:00"
    }
  },
  {
    "model": "core.attachment",
    "pk": 47,
    "fields": {
      "file": "e1bf8383-3551-40e9-aaf2-2faf8e36535a",
      "issue_id": 12,
      "name": "quidem nesciunt repellat magnam soluta ad maxime non.jpg",
      "type": "image/jpeg",
      "size": 9174109,
      "created_at": "2025-03-25T19:13:22.338833+00:00"
    }
  },
  {
    "model": "core.attachment",
    "pk": 48,
    "fields": {
      "file": "a004ec75-72f0-4e85-a9b4-58f71a82c2d7",
      "issue_id": 6,
      "name": "nihil_unde_voluptatem_iure.png",
      "type": "image/png",
      "size": 4035951,
      "created_at": "2025-03-25T19:13:22.338936+00:00"
    }
  },
  {
    "model": "core.attachment",
    "pk": 49,
    "fields": {
      "file": "dcf1e037-2868-446a-9ecd-54090924b1f9",
      "issue_id": 4,
      "name": "odio-atque-exercitationem.jpeg",
      "type": "image/jpeg",
      "size": 2926325,
      "created_at": "2025-03-12T19:13:22.339000+00:00"
    }
  },
  {
    "model": "core.attachment",
    "pk": 50,
    "fields": {
      "file": "16faad14-b6b6-4663-8ddd-00c146abe658",
      "issue_id": 9,
      "name": "iste_consequatur.pptx",
      "type": "application/vnd.openxmlformats-officedocument.presentationml.presentation",
      "size": 6029861,
      "created_at": "2025-01-03T19:13:22.339119+00:00"
    }
  },
  {
    "model": "core.attachment",
    "pk": 51,
    "fields": {
      "file": "4b2f9030-f612-4222-a953-64755a704770",
      "issue_id": 3,
      "name": "provident-modi-quasi-minus-distinctio-veritatis-nostrum.jpeg",
      "type": "image/jpeg",
      "size": 2403642,
      "created_at": "2024-12-30T19:13:22.339287+00:00"
    }
  },
  {
    "model": "core.attachment",
    "pk": 52,
    "fields": {
      "file": "8ae6d665-69a9-434d-92fb-4b45f0d17272",
      "issue_id": 5,
      "name": "nulla_distinctio_iste_fugiat_similique_quaerat_cum.docx",
      "type": "application/vnd.openxmlformats-officedocument.wordprocessingml.document",
      "size": 2889849,
      "created_at": "2025-01-21T19:13:22.339421+00:00"
    }
  },
  {
    "model": "core.attachment",
    "pk": 53,
    "fields": {
      "file": "762fdc8c-9423-4db0-b342-27bf9abcc933",
      "issue_id": 8,
      "name": "porro-laudantium-excepturi-consectetur.jpeg",
      "type": "image/jpeg",
      "size": 2707298,
      "created_at": "2025-01-20T19:13:22.339542+00:00"
    }
  },
  {
    "model": "core.attachment",
    "pk": 54,
    "fields": {
      "file": "5caf0f0c-f33d-491c-92e3-075efdcb4a29",
      "issue_id": 2,
      "name": "fugit sint impedit nisi neque eos.pptx",
      "type": "application/vnd.openxmlformats-officedocument.presentationml.presentation",
      "size": 2200085,
      "created_at": "2025-02-21T19:13:22.339722+00:00"
    }
  },
  {
    "model": "core.attachment",
    "pk": 55,
    "fields": {
      "file": "cff75327-aad1-4a94-bb7c-0ac45b4c58b2",
      "issue_id": 6,
      "name": "id-porro-aperiam-eos-nam.txt",
      "type": "text/plain",
      "size": 2914969,
      "created_at": "2025-03-09T19:13:22.340504+00:00"
    }
  },
  {
    "model": "core.attachment",
    "pk": 56,
    "fields": {
      "file": "ebc57c5c-68b0-4c56-98c7-f283dab1935a",
      "issue_id": 10,
      "name": "nam error earum voluptas.pptx",
      "type": "application/vnd.openxmlformats-officedocument.presentationml.presentation",
      "size": 1521093,
      "created_at": "2025-01-25T19:13:22.340601+00:00"
    }
  },
  {
    "model": "core.attachment",
    "pk": 57,
    "fields": {
      "file": "e597c19a-3b74-4b12-95fa-696058867fff",
      "issue_id": 12,
      "name": "facere_debitis_odio_voluptates_quos.gif",
      "type": "image/gif",
      "size": 2652093,
      "created_at": "2025-03-06T19:13:22.340728+00:00"
    }
  },
  {
    "model": "core.attachment",
    "pk": 58,
    "fields": {
      "file": "59f2d4f2-3080-4a5a-8f2c-6bd987ba5aa2",
      "issue_id": 11,
      "name": "fuga_excepturi_quos_sunt_hic_odio_magnam_aliquam.txt",
      "type": "text/plain",
      "size": 2880930,
      "created_at": "2025-01-13T19:13:22.340827+00:00"
    }
  },
  {
    "model": "core.attachment",
    "pk": 59,
    "fields": {
      "file": "82e6b882-0b44-4b8c-8448-1a33ca0155f3",
      "issue_id": 10,
      "name": "officia-animi-ab-voluptatum-illo.jpeg",
      "type": "image/jpeg",
      "size": 14431,
      "created_at": "2025-02-03T19:13:22.340900+00:00"
    }
  },
  {
    "model": "core.attachment",
    "pk": 60,
    "fields": {
      "file": "d89f55e2-4ceb-4830-8a9d-835c63979b8c",
      "issue_id": 3,
      "name": "molestias numquam explicabo officiis itaque perspiciatis harum odit.pptx",
      "type": "application/vnd.openxmlformats-officedocument.presentationml.presentation",
      "size": 2251559,
      "created_at": "2024-12-26T19:13:22.340974+00:00"
    }
  },
  {
    "model": "core.attachment",
    "pk": 61,
    "fields": {
      "file": "1d1574d9-93cf-4f91-bc70-2de2176ad486",
      "issue_id": 7,
      "name": "officia hic tempora quasi.txt",
      "type": "text/plain",
      "size": 1265169,
      "created_at": "2025-03-10T19:13:22.341039+00:00"
    }
  },
  {
    "model": "core.attachment",
    "pk": 62,
    "fields": {
      "file": "4d255f93-222a-411c-a4f6-55519d8e9895",
      "issue_id": 8,
      "name": "id_reprehenderit.jpeg",
      "type": "image/jpeg",
      "size": 1679397,
      "created_at": "2025-01-14T19:13:22.341256+00:00"
    }
  },
  {
    "model": "core.issuelog",
    "pk": 1,
    "fields": {
      "issue_id": 2,
      "actor": 7,
      "attachments": null,
      "created_at": "2025-03-11T19:13:22.332451+00:00",
      "assignee": null,
      "categories": [14, 2, 18, 12, 3, 7, 10, 8, 15, 13],
      "status": 4,
      "priority": 2,
      "escalation_level": 1
    }
  },
  {
    "model": "core.issuelog",
    "pk": 2,
    "fields": {
      "issue_id": 12,
      "actor": 5,
      "attachments": null,
      "created_at": "2025-03-24T19:13:22.332605+00:00",
      "assignee": 12,
      "categories": [3, 7, 2, 1, 13, 5, 6, 9],
      "status": 1,
      "priority": 8,
      "escalation_level": 1
    }
  },
  {
    "model": "core.issuelog",
    "pk": 3,
    "fields": {
      "issue_id": 7,
      "actor": 5,
      "attachments": null,
      "created_at": "2025-02-25T19:13:22.332644+00:00",
      "assignee": null,
      "categories": [16, 3, 13, 1, 7],
      "status": 1,
      "priority": 4,
      "escalation_level": 1
    }
  },
  {
    "model": "core.issuelog",
    "pk": 4,
    "fields": {
      "issue_id": 7,
      "actor": 5,
      "attachments": null,
      "created_at": "2025-02-01T19:13:22.332668+00:00",
      "assignee": 5,
      "categories": [16, 3, 13, 1, 7],
      "status": 8,
      "priority": 4,
      "escalation_level": 1
    }
  },
  {
    "model": "core.issuelog",
    "pk": 5,
    "fields": {
      "issue_id": 2,
      "actor": 16,
      "attachments": "4e6fd720-f1e8-474d-bd90-e2eb27dae2af",
      "created_at": "2025-03-14T19:13:22.332774+00:00",
      "assignee": null,
      "categories": [3],
      "status": 4,
      "priority": 2,
      "escalation_level": 1
    }
  },
  {
    "model": "core.issuelog",
    "pk": 6,
    "fields": {
      "issue_id": 1,
      "actor": 12,
      "attachments": "2ce5be3c-0ae0-41a1-95ec-f9ee16a001ea",
      "created_at": "2025-03-23T19:13:22.332925+00:00",
      "assignee": 12,
      "categories": [],
      "status": 16,
      "priority": 2,
      "escalation_level": 2
    }
  },
  {
    "model": "core.issuelog",
    "pk": 7,
    "fields": {
      "issue_id": 6,
      "actor": 7,
      "attachments": null,
      "created_at": "2025-03-16T19:13:22.333049+00:00",
      "assignee": 7,
      "categories": [15, 17, 10, 7, 16, 9, 1, 13, 12, 6, 18, 2, 4],
      "status": 4,
      "priority": 4,
      "escalation_level": 4
    }
  },
  {
    "model": "core.issuelog",
    "pk": 8,
    "fields": {
      "issue_id": 5,
      "actor": 16,
      "attachments": null,
      "created_at": "2025-02-16T19:13:22.333099+00:00",
      "assignee": 7,
      "categories": [17, 4, 11, 16, 2],
      "status": 1,
      "priority": 1,
      "escalation_level": 1
    }
  },
  {
    "model": "core.issuelog",
    "pk": 9,
    "fields": {
      "issue_id": 3,
      "actor": 7,
      "attachments": null,
      "created_at": "2025-03-01T19:13:22.333163+00:00",
      "assignee": null,
      "categories": [12, 6],
      "status": 4,
      "priority": 8,
      "escalation_level": 4
    }
  },
  {
    "model": "core.issuelog",
    "pk": 10,
    "fields": {
      "issue_id": 6,
      "actor": 7,
      "attachments": null,
      "created_at": "2025-03-24T19:13:22.333212+00:00",
      "assignee": 7,
      "categories": [1, 2, 10, 12, 15, 9],
      "status": 4,
      "priority": 4,
      "escalation_level": 4
    }
  },
  {
    "model": "core.issuelog",
    "pk": 11,
    "fields": {
      "issue_id": 12,
      "actor": 7,
      "attachments": null,
      "created_at": "2025-04-01T19:13:22.333380+00:00",
      "assignee": 5,
      "categories": [3, 7, 2, 1, 13, 5, 6, 9],
      "status": 2,
      "priority": 8,
      "escalation_level": 1
    }
  },
  {
    "model": "core.issuelog",
    "pk": 12,
    "fields": {
      "issue_id": 5,
      "actor": 1,
      "attachments": null,
      "created_at": "2025-02-15T19:13:22.333415+00:00",
      "assignee": null,
      "categories": [17, 4, 11, 16, 2],
      "status": 8,
      "priority": 1,
      "escalation_level": 1
    }
  },
  {
    "model": "core.issuelog",
    "pk": 13,
    "fields": {
      "issue_id": 3,
      "actor": 12,
      "attachments": "750f3785-f64a-472c-a0e5-f681dbacf1b1",
      "created_at": "2025-02-13T19:13:22.333445+00:00",
      "assignee": null,
      "categories": [12, 6],
      "status": 8,
      "priority": 8,
      "escalation_level": 4
    }
  },
  {
    "model": "core.issuelog",
    "pk": 14,
    "fields": {
      "issue_id": 1,
      "actor": 12,
      "attachments": "7eb8d513-3e82-4784-a8bf-6cf0d1dc1043",
      "created_at": "2025-03-12T19:13:22.333592+00:00",
      "assignee": 12,
      "categories": [],
      "status": 8,
      "priority": 8,
      "escalation_level": 2
    }
  },
  {
    "model": "core.issuelog",
    "pk": 15,
    "fields": {
      "issue_id": 2,
      "actor": 1,
      "attachments": "f0d7e2e5-a8de-4a67-899c-4d8b310a0a33",
      "created_at": "2025-03-29T19:13:22.333712+00:00",
      "assignee": null,
      "categories": [10, 8, 14, 12, 13, 18, 15],
      "status": 16,
      "priority": 2,
      "escalation_level": 1
    }
  },
  {
    "model": "core.issuelog",
    "pk": 16,
    "fields": {
      "issue_id": 6,
      "actor": 7,
      "attachments": "a4831581-f498-4942-a968-d3e6a517ea95",
      "created_at": "2025-03-20T19:13:22.333805+00:00",
      "assignee": 7,
      "categories": [15, 17, 10, 7, 16, 9, 1, 13, 12, 6, 18, 2, 4],
      "status": 4,
      "priority": 8,
      "escalation_level": 1
    }
  },
  {
    "model": "core.issuelog",
    "pk": 17,
    "fields": {
      "issue_id": 6,
      "actor": 7,
      "attachments": "c1167120-425b-4c09-bc78-e936bc81ad2c",
      "created_at": "2025-03-20T19:13:22.333874+00:00",
      "assignee": null,
      "categories": [15, 17, 10, 7, 16, 9, 1, 13, 12, 6, 18, 2, 4],
      "status": 4,
      "priority": 4,
      "escalation_level": 1
    }
  },
  {
    "model": "core.issuelog",
    "pk": 18,
    "fields": {
      "issue_id": 2,
      "actor": 1,
      "attachments": null,
      "created_at": "2025-03-20T19:13:22.333970+00:00",
      "assignee": null,
      "categories": [13],
      "status": 4,
      "priority": 2,
      "escalation_level": 1
    }
  },
  {
    "model": "core.issuelog",
    "pk": 19,
    "fields": {
      "issue_id": 12,
      "actor": 5,
      "attachments": "75578f69-0541-4abf-8b7f-e1154713b3b7",
      "created_at": "2025-03-28T19:13:22.334257+00:00",
      "assignee": 5,
      "categories": [7, 1, 5, 2, 3, 13],
      "status": 2,
      "priority": 8,
      "escalation_level": 1
    }
  },
  {
    "model": "core.issuelog",
    "pk": 20,
    "fields": {
      "issue_id": 5,
      "actor": 2,
      "attachments": null,
      "created_at": "2025-02-02T19:13:22.334335+00:00",
      "assignee": 1,
      "categories": [4],
      "status": 8,
      "priority": 1,
      "escalation_level": 1
    }
  },
  {
    "model": "core.issuelog",
    "pk": 21,
    "fields": {
      "issue_id": 1,
      "actor": 12,
      "attachments": "c9a898ae-891f-4904-a718-af485f016b8f",
      "created_at": "2025-03-27T19:13:22.334431+00:00",
      "assignee": 12,
      "categories": [],
      "status": 8,
      "priority": 1,
      "escalation_level": 2
    }
  },
  {
    "model": "core.issuelog",
    "pk": 22,
    "fields": {
      "issue_id": 11,
      "actor": 7,
      "attachments": null,
      "created_at": "2025-03-31T19:13:22.334564+00:00",
      "assignee": 7,
      "categories": [11],
      "status": 4,
      "priority": 2,
      "escalation_level": 2
    }
  },
  {
    "model": "core.issuelog",
    "pk": 23,
    "fields": {
      "issue_id": 10,
      "actor": 5,
      "attachments": "3e9a2b37-e134-4d9d-9b44-8e44e372456e",
      "created_at": "2025-04-01T19:13:22.334587+00:00",
      "assignee": null,
      "categories": [9, 17, 1, 3, 5, 10, 18, 2],
      "status": 16,
      "priority": 8,
      "escalation_level": 4
    }
  },
  {
    "model": "core.issuelog",
    "pk": 24,
    "fields": {
      "issue_id": 6,
      "actor": 7,
      "attachments": null,
      "created_at": "2025-03-04T19:13:22.334662+00:00",
      "assignee": 7,
      "categories": [],
      "status": 4,
      "priority": 4,
      "escalation_level": 4
    }
  },
  {
    "model": "core.issuelog",
    "pk": 25,
    "fields": {
      "issue_id": 3,
      "actor": 1,
      "attachments": "4491af89-9513-4e0f-a13d-3fc15c180b83",
      "created_at": "2025-03-25T19:13:22.334715+00:00",
      "assignee": null,
      "categories": [],
      "status": 2,
      "priority": 8,
      "escalation_level": 4
    }
  },
  {
    "model": "core.issuelog",
    "pk": 26,
    "fields": {
      "issue_id": 1,
      "actor": 2,
      "attachments": "b08576cf-19a2-48be-bae0-8e87049512f0",
      "created_at": "2025-03-29T19:13:22.334809+00:00",
      "assignee": 12,
      "categories": [],
      "status": 8,
      "priority": 8,
      "escalation_level": 2
    }
  },
  {
    "model": "core.issuelog",
    "pk": 27,
    "fields": {
      "issue_id": 1,
      "actor": 12,
      "attachments": null,
      "created_at": "2025-03-13T19:13:22.334888+00:00",
      "assignee": 12,
      "categories": [],
      "status": 8,
      "priority": 2,
      "escalation_level": 2
    }
  },
  {
    "model": "core.issuelog",
    "pk": 28,
    "fields": {
      "issue_id": 4,
      "actor": 2,
      "attachments": null,
      "created_at": "2025-01-11T19:13:22.334911+00:00",
      "assignee": null,
      "categories": [17, 7, 6, 3, 14, 10, 2, 5, 12, 18, 9, 1],
      "status": 2,
      "priority": 4,
      "escalation_level": 4
    }
  },
  {
    "model": "core.issuelog",
    "pk": 29,
    "fields": {
      "issue_id": 9,
      "actor": 1,
      "attachments": "73df4a97-c76e-49de-bb5b-6af555b363f2",
      "created_at": "2025-03-17T19:13:22.334952+00:00",
      "assignee": 1,
      "categories": [],
      "status": 16,
      "priority": 1,
      "escalation_level": 4
    }
  },
  {
    "model": "core.issuelog",
    "pk": 30,
    "fields": {
      "issue_id": 12,
      "actor": 5,
      "attachments": null,
      "created_at": "2025-04-01T19:13:22.335196+00:00",
      "assignee": 5,
      "categories": [3, 7, 2, 1, 13, 5, 6, 9],
      "status": 16,
      "priority": 8,
      "escalation_level": 4
    }
  },
  {
    "model": "core.issuelog",
    "pk": 31,
    "fields": {
      "issue_id": 4,
      "actor": 2,
      "attachments": "486acff8-0aed-487a-9427-f395f1dd67d8",
      "created_at": "2025-03-07T19:13:22.335221+00:00",
      "assignee": 2,
      "categories": [17, 7, 6, 3, 14, 10, 2, 5, 12, 18, 9, 1],
      "status": 2,
      "priority": 4,
      "escalation_level": 4
    }
  },
  {
    "model": "core.issuelog",
    "pk": 32,
    "fields": {
      "issue_id": 3,
      "actor": 12,
      "attachments": null,
      "created_at": "2025-03-31T19:13:22.335316+00:00",
      "assignee": 5,
      "categories": [12, 6],
      "status": 8,
      "priority": 8,
      "escalation_level": 4
    }
  },
  {
    "model": "core.issuelog",
    "pk": 33,
    "fields": {
      "issue_id": 3,
      "actor": 16,
      "attachments": "9052aab7-7f94-4cb6-b28f-0488453bf9ad",
      "created_at": "2025-02-24T19:13:22.335349+00:00",
      "assignee": null,
      "categories": [12, 6],
      "status": 8,
      "priority": 1,
      "escalation_level": 1
    }
  },
  {
    "model": "core.issuelog",
    "pk": 34,
    "fields": {
      "issue_id": 1,
      "actor": 12,
      "attachments": "580c18d8-8cc8-47e4-b941-37c4220bef79",
      "created_at": "2025-03-26T19:13:22.335491+00:00",
      "assignee": null,
      "categories": [],
      "status": 8,
      "priority": 2,
      "escalation_level": 2
    }
  },
  {
    "model": "core.issuelog",
    "pk": 35,
    "fields": {
      "issue_id": 7,
      "actor": 12,
      "attachments": "c6e4ec49-b217-40ef-8692-9f691c029e11",
      "created_at": "2025-02-17T19:13:22.335560+00:00",
      "assignee": 5,
      "categories": [16, 3, 13, 1, 7],
      "status": 1,
      "priority": 4,
      "escalation_level": 1
    }
  },
  {
    "model": "core.issuelog",
    "pk": 36,
    "fields": {
      "issue_id": 9,
      "actor": 1,
      "attachments": null,
      "created_at": "2025-03-03T19:13:22.335650+00:00",
      "assignee": 1,
      "categories": [2, 6, 8],
      "status": 16,
      "priority": 4,
      "escalation_level": 4
    }
  },
  {
    "model": "core.issuelog",
    "pk": 37,
    "fields": {
      "issue_id": 11,
      "actor": 7,
      "attachments": "5009f2f1-f2e4-4b0d-b5ed-8e5714b82723",
      "created_at": "2025-03-29T19:13:22.335706+00:00",
      "assignee": 7,
      "categories": [9, 13, 6, 15, 1, 8, 12, 17, 14, 11, 5, 3, 4, 16, 18],
      "status": 4,
      "priority": 1,
      "escalation_level": 4
    }
  },
  {
    "model": "core.issuelog",
    "pk": 38,
    "fields": {
      "issue_id": 1,
      "actor": 12,
      "attachments": "1a1d803a-65d8-45a0-bc66-f22f901a62db",
      "created_at": "2025-03-24T19:13:22.335816+00:00",
      "assignee": 7,
      "categories": [],
      "status": 8,
      "priority": 8,
      "escalation_level": 2
    }
  },
  {
    "model": "core.issuelog",
    "pk": 39,
    "fields": {
      "issue_id": 12,
      "actor": 5,
      "attachments": null,
      "created_at": "2025-03-25T19:13:22.336039+00:00",
      "assignee": 5,
      "categories": [3, 7, 2, 1, 13, 5, 6, 9],
      "status": 2,
      "priority": 1,
      "escalation_level": 1
    }
  },
  {
    "model": "core.issuelog",
    "pk": 40,
    "fields": {
      "issue_id": 6,
      "actor": 7,
      "attachments": null,
      "created_at": "2025-03-12T19:13:22.336060+00:00",
      "assignee": 7,
      "categories": [15, 17, 10, 7, 16, 9, 1, 13, 12, 6, 18, 2, 4],
      "status": 4,
      "priority": 2,
      "escalation_level": 4
    }
  },
  {
    "model": "core.issuelog",
    "pk": 41,
    "fields": {
      "issue_id": 11,
      "actor": 7,
      "attachments": "ed571d9b-6bee-4143-816c-4d21644e790b",
      "created_at": "2025-03-31T19:13:22.336376+00:00",
      "assignee": 7,
      "categories": [13, 9, 5, 3, 1, 11],
      "status": 4,
      "priority": 2,
      "escalation_level": 4
    }
  },
  {
    "model": "core.issuelog",
    "pk": 42,
    "fields": {
      "issue_id": 9,
      "actor": 1,
      "attachments": null,
      "created_at": "2025-04-01T19:13:22.336525+00:00",
      "assignee": 1,
      "categories": [8, 6],
      "status": 16,
      "priority": 2,
      "escalation_level": 4
    }
  },
  {
    "model": "core.issuelog",
    "pk": 43,
    "fields": {
      "issue_id": 3,
      "actor": 7,
      "attachments": "6d323af4-abc7-476a-b03b-181f28a1ab2a",
      "created_at": "2025-02-25T19:13:22.336551+00:00",
      "assignee": null,
      "categories": [12, 6],
      "status": 8,
      "priority": 8,
      "escalation_level": 2
    }
  },
  {
    "model": "core.issuelog",
    "pk": 44,
    "fields": {
      "issue_id": 11,
      "actor": 7,
      "attachments": "dbc9e5e1-102a-4dbb-9766-17c150251d38",
      "created_at": "2025-03-29T19:13:22.336731+00:00",
      "assignee": null,
      "categories": [9, 13, 6, 15, 1, 8, 12, 17, 14, 11, 5, 3, 4, 16, 18],
      "status": 4,
      "priority": 2,
      "escalation_level": 4
    }
  },
  {
    "model": "core.issuelog",
    "pk": 45,
    "fields": {
      "issue_id": 7,
      "actor": 5,
      "attachments": "2964d855-4e7c-43d3-9ad9-b408b08ed673",
      "created_at": "2025-03-21T19:13:22.336806+00:00",
      "assignee": 5,
      "categories": [1, 16],
      "status": 1,
      "priority": 4,
      "escalation_level": 1
    }
  },
  {
    "model": "core.issuelog",
    "pk": 46,
    "fields": {
      "issue_id": 5,
      "actor": 1,
      "attachments": "cee81b64-8fd6-4768-8fdb-6e2d5f6d09fd",
      "created_at": "2025-03-31T19:13:22.336873+00:00",
      "assignee": null,
      "categories": [17, 4, 11, 16, 2],
      "status": 8,
      "priority": 8,
      "escalation_level": 1
    }
  },
  {
    "model": "core.issuelog",
    "pk": 47,
    "fields": {
      "issue_id": 4,
      "actor": 2,
      "attachments": null,
      "created_at": "2025-03-23T19:13:22.336949+00:00",
      "assignee": 2,
      "categories": [6, 17, 5, 3, 18, 10, 7],
      "status": 2,
      "priority": 8,
      "escalation_level": 4
    }
  },
  {
    "model": "core.issuelog",
    "pk": 48,
    "fields": {
      "issue_id": 8,
      "actor": 5,
      "attachments": "e001a7a5-5623-4e73-a0bc-01bfb4229795",
      "created_at": "2025-03-26T19:13:22.337019+00:00",
      "assignee": null,
      "categories": [10, 6],
      "status": 16,
      "priority": 2,
      "escalation_level": 1
    }
  },
  {
    "model": "core.issuelog",
    "pk": 49,
    "fields": {
      "issue_id": 6,
      "actor": 7,
      "attachments": "1f6d2d1b-c06b-4e1d-825f-562f9d210b7d",
      "created_at": "2025-03-18T19:13:22.337144+00:00",
      "assignee": 7,
      "categories": [10, 2, 7, 1, 4, 15, 17],
      "status": 4,
      "priority": 2,
      "escalation_level": 4
    }
  },
  {
    "model": "core.issuelog",
    "pk": 50,
    "fields": {
      "issue_id": 12,
      "actor": 5,
      "attachments": null,
      "created_at": "2025-03-23T19:13:22.337237+00:00",
      "assignee": 5,
      "categories": [3, 7, 2, 1, 13, 5, 6, 9],
      "status": 2,
      "priority": 8,
      "escalation_level": 2
    }
  },
  {
    "model": "core.issuelog",
    "pk": 51,
    "fields": {
      "issue_id": 9,
      "actor": 1,
      "attachments": null,
      "created_at": "2025-03-15T19:13:22.337261+00:00",
      "assignee": 1,
      "categories": [2, 6, 8],
      "status": 4,
      "priority": 2,
      "escalation_level": 4
    }
  },
  {
    "model": "core.issuelog",
    "pk": 52,
    "fields": {
      "issue_id": 1,
      "actor": 12,
      "attachments": "8a3072d5-d54c-4ce8-9acd-e6067ef5d7e9",
      "created_at": "2025-03-12T19:13:22.337323+00:00",
      "assignee": 2,
      "categories": [],
      "status": 8,
      "priority": 2,
      "escalation_level": 2
    }
  },
  {
    "model": "core.issuelog",
    "pk": 53,
    "fields": {
      "issue_id": 1,
      "actor": 12,
      "attachments": null,
      "created_at": "2025-03-28T19:13:22.337456+00:00",
      "assignee": 12,
      "categories": [],
      "status": 8,
      "priority": 1,
      "escalation_level": 2
    }
  },
  {
    "model": "core.issuelog",
    "pk": 54,
    "fields": {
      "issue_id": 7,
      "actor": 5,
      "attachments": "7420a134-3b8a-4192-88a3-30b6da9b363d",
      "created_at": "2025-01-25T19:13:22.337481+00:00",
      "assignee": 5,
      "categories": [16, 3, 13, 1, 7],
      "status": 1,
      "priority": 8,
      "escalation_level": 1
    }
  },
  {
    "model": "core.issuelog",
    "pk": 55,
    "fields": {
      "issue_id": 7,
      "actor": 5,
      "attachments": "6e573e4c-aed5-4464-818b-87f91ee05e52",
      "created_at": "2025-01-30T19:13:22.337545+00:00",
      "assignee": 5,
      "categories": [16, 3, 13, 1, 7],
      "status": 1,
      "priority": 4,
      "escalation_level": 2
    }
  },
  {
    "model": "core.issuelog",
    "pk": 56,
    "fields": {
      "issue_id": 7,
      "actor": 5,
      "attachments": "070a4b65-e785-42db-9260-608d0e81f6b6",
      "created_at": "2025-03-28T19:13:22.337627+00:00",
      "assignee": 5,
      "categories": [16, 3, 13, 1, 7],
      "status": 1,
      "priority": 8,
      "escalation_level": 1
    }
  },
  {
    "model": "core.issuelog",
    "pk": 57,
    "fields": {
      "issue_id": 7,
      "actor": 5,
      "attachments": "0ba7b143-0b49-4be9-9f98-086b90332018",
      "created_at": "2025-02-18T19:13:22.337707+00:00",
      "assignee": 1,
      "categories": [1, 7, 3],
      "status": 1,
      "priority": 4,
      "escalation_level": 4
    }
  },
  {
    "model": "core.issuelog",
    "pk": 58,
    "fields": {
      "issue_id": 11,
      "actor": 7,
      "attachments": "104a5bee-66aa-47ec-b154-bfe874a288ae",
      "created_at": "2025-03-28T19:13:22.337922+00:00",
      "assignee": 7,
      "categories": [9, 13, 6, 15, 1, 8, 12, 17, 14, 11, 5, 3, 4, 16, 18],
      "status": 4,
      "priority": 2,
      "escalation_level": 2
    }
  },
  {
    "model": "core.issuelog",
    "pk": 59,
    "fields": {
      "issue_id": 7,
      "actor": 5,
      "attachments": null,
      "created_at": "2025-02-20T19:13:22.337986+00:00",
      "assignee": 5,
      "categories": [16, 3, 13, 1, 7],
      "status": 1,
      "priority": 4,
      "escalation_level": 2
    }
  },
  {
    "model": "core.issuelog",
    "pk": 60,
    "fields": {
      "issue_id": 1,
      "actor": 12,
      "attachments": "00ae2929-a086-4029-a69d-1acdda3a45b5",
      "created_at": "2025-03-18T19:13:22.338018+00:00",
      "assignee": 12,
      "categories": [],
      "status": 8,
      "priority": 2,
      "escalation_level": 2
    }
  },
  {
    "model": "core.issuelog",
    "pk": 61,
    "fields": {
      "issue_id": 7,
      "actor": 5,
      "attachments": null,
      "created_at": "2025-03-01T19:13:22.338113+00:00",
      "assignee": 5,
      "categories": [16, 3, 13, 1, 7],
      "status": 2,
      "priority": 2,
      "escalation_level": 1
    }
  },
  {
    "model": "core.issuelog",
    "pk": 62,
    "fields": {
      "issue_id": 2,
      "actor": 2,
      "attachments": "f65cdc09-5836-4f3c-ba7a-03ac21760898",
      "created_at": "2025-03-20T19:13:22.338174+00:00",
      "assignee": null,
      "categories": [14, 2, 18, 12, 3, 7, 10, 8, 15, 13],
      "status": 8,
      "priority": 2,
      "escalation_level": 1
    }
  },
  {
    "model": "core.issuelog",
    "pk": 63,
    "fields": {
      "issue_id": 11,
      "actor": 7,
      "attachments": null,
      "created_at": "2025-04-01T19:13:22.338689+00:00",
      "assignee": 5,
      "categories": [9, 13, 6, 15, 1, 8, 12, 17, 14, 11, 5, 3, 4, 16, 18],
      "status": 4,
      "priority": 2,
      "escalation_level": 4
    }
  },
  {
    "model": "core.issuelog",
    "pk": 64,
    "fields": {
      "issue_id": 2,
      "actor": 5,
      "attachments": null,
      "created_at": "2025-03-09T19:13:22.338712+00:00",
      "assignee": null,
      "categories": [14, 2, 18, 12, 3, 7, 10, 8, 15, 13],
      "status": 16,
      "priority": 2,
      "escalation_level": 1
    }
  },
  {
    "model": "core.issuelog",
    "pk": 65,
    "fields": {
      "issue_id": 12,
      "actor": 5,
      "attachments": "e1bf8383-3551-40e9-aaf2-2faf8e36535a",
      "created_at": "2025-04-01T19:13:22.338803+00:00",
      "assignee": 5,
      "categories": [3, 7, 2, 1, 13, 5, 6, 9],
      "status": 2,
      "priority": 4,
      "escalation_level": 1
    }
  },
  {
    "model": "core.issuelog",
    "pk": 66,
    "fields": {
      "issue_id": 3,
      "actor": 5,
      "attachments": null,
      "created_at": "2025-02-13T19:13:22.338875+00:00",
      "assignee": null,
      "categories": [12, 6],
      "status": 4,
      "priority": 8,
      "escalation_level": 1
    }
  },
  {
    "model": "core.issuelog",
    "pk": 67,
    "fields": {
      "issue_id": 6,
      "actor": 7,
      "attachments": "a004ec75-72f0-4e85-a9b4-58f71a82c2d7",
      "created_at": "2025-02-16T19:13:22.338907+00:00",
      "assignee": 7,
      "categories": [15, 17, 10, 7, 16, 9, 1, 13, 12, 6, 18, 2, 4],
      "status": 1,
      "priority": 4,
      "escalation_level": 2
    }
  },
  {
    "model": "core.issuelog",
    "pk": 68,
    "fields": {
      "issue_id": 4,
      "actor": 2,
      "attachments": "dcf1e037-2868-446a-9ecd-54090924b1f9",
      "created_at": "2025-01-11T19:13:22.338972+00:00",
      "assignee": 1,
      "categories": [17, 7, 6, 3, 14, 10, 2, 5, 12, 18, 9, 1],
      "status": 2,
      "priority": 4,
      "escalation_level": 4
    }
  },
  {
    "model": "core.issuelog",
    "pk": 69,
    "fields": {
      "issue_id": 2,
      "actor": 7,
      "attachments": null,
      "created_at": "2025-04-01T19:13:22.339056+00:00",
      "assignee": null,
      "categories": [14, 2, 18, 12, 3, 7, 10, 8, 15, 13],
      "status": 1,
      "priority": 2,
      "escalation_level": 1
    }
  },
  {
    "model": "core.issuelog",
    "pk": 70,
    "fields": {
      "issue_id": 9,
      "actor": 1,
      "attachments": "16faad14-b6b6-4663-8ddd-00c146abe658",
      "created_at": "2025-03-10T19:13:22.339092+00:00",
      "assignee": null,
      "categories": [2, 6, 8],
      "status": 16,
      "priority": 2,
      "escalation_level": 4
    }
  },
  {
    "model": "core.issuelog",
    "pk": 71,
    "fields": {
      "issue_id": 8,
      "actor": 1,
      "attachments": null,
      "created_at": "2025-03-31T19:13:22.339203+00:00",
      "assignee": null,
      "categories": [14],
      "status": 16,
      "priority": 2,
      "escalation_level": 1
    }
  },
  {
    "model": "core.issuelog",
    "pk": 72,
    "fields": {
      "issue_id": 3,
      "actor": 2,
      "attachments": "4b2f9030-f612-4222-a953-64755a704770",
      "created_at": "2025-02-17T19:13:22.339255+00:00",
      "assignee": 7,
      "categories": [12, 6],
      "status": 8,
      "priority": 8,
      "escalation_level": 4
    }
  },
  {
    "model": "core.issuelog",
    "pk": 73,
    "fields": {
      "issue_id": 2,
      "actor": 2,
      "attachments": null,
      "created_at": "2025-03-19T19:13:22.339341+00:00",
      "assignee": null,
      "categories": [14, 2, 18, 12, 3, 7, 10, 8, 15, 13],
      "status": 4,
      "priority": 2,
      "escalation_level": 1
    }
  },
  {
    "model": "core.issuelog",
    "pk": 74,
    "fields": {
      "issue_id": 5,
      "actor": 1,
      "attachments": "8ae6d665-69a9-434d-92fb-4b45f0d17272",
      "created_at": "2025-03-10T19:13:22.339382+00:00",
      "assignee": null,
      "categories": [17, 4, 11, 16, 2],
      "status": 1,
      "priority": 1,
      "escalation_level": 1
    }
  },
  {
    "model": "core.issuelog",
    "pk": 75,
    "fields": {
      "issue_id": 3,
      "actor": 16,
      "attachments": null,
      "created_at": "2025-03-02T19:13:22.339463+00:00",
      "assignee": null,
      "categories": [12, 6],
      "status": 8,
      "priority": 4,
      "escalation_level": 4
    }
  },
  {
    "model": "core.issuelog",
    "pk": 76,
    "fields": {
      "issue_id": 8,
      "actor": 2,
      "attachments": "762fdc8c-9423-4db0-b342-27bf9abcc933",
      "created_at": "2025-03-26T19:13:22.339512+00:00",
      "assignee": null,
      "categories": [14, 11],
      "status": 16,
      "priority": 4,
      "escalation_level": 1
    }
  },
  {
    "model": "core.issuelog",
    "pk": 77,
    "fields": {
      "issue_id": 2,
      "actor": 2,
      "attachments": "5caf0f0c-f33d-491c-92e3-075efdcb4a29",
      "created_at": "2025-03-22T19:13:22.339691+00:00",
      "assignee": null,
      "categories": [14, 2, 18, 12, 3, 7, 10, 8, 15, 13],
      "status": 1,
      "priority": 2,
      "escalation_level": 1
    }
  },
  {
    "model": "core.issuelog",
    "pk": 78,
    "fields": {
      "issue_id": 6,
      "actor": 7,
      "attachments": null,
      "created_at": "2025-03-14T19:13:22.339852+00:00",
      "assignee": 7,
      "categories": [15, 17, 10, 7, 16, 9, 1, 13, 12, 6, 18, 2, 4],
      "status": 4,
      "priority": 4,
      "escalation_level": 4
    }
  },
  {
    "model": "core.issuelog",
    "pk": 79,
    "fields": {
      "issue_id": 11,
      "actor": 7,
      "attachments": null,
      "created_at": "2025-03-31T19:13:22.340415+00:00",
      "assignee": null,
      "categories": [9, 13, 6, 15, 1, 8, 12, 17, 14, 11, 5, 3, 4, 16, 18],
      "status": 4,
      "priority": 2,
      "escalation_level": 4
    }
  },
  {
    "model": "core.issuelog",
    "pk": 80,
    "fields": {
      "issue_id": 6,
      "actor": 7,
      "attachments": "cff75327-aad1-4a94-bb7c-0ac45b4c58b2",
      "created_at": "2025-02-23T19:13:22.340476+00:00",
      "assignee": 7,
      "categories": [15, 17, 10, 7, 16, 9, 1, 13, 12, 6, 18, 2, 4],
      "status": 4,
      "priority": 4,
      "escalation_level": 4
    }
  },
  {
    "model": "core.issuelog",
    "pk": 81,
    "fields": {
      "issue_id": 10,
      "actor": 12,
      "attachments": "ebc57c5c-68b0-4c56-98c7-f283dab1935a",
      "created_at": "2025-03-17T19:13:22.340571+00:00",
      "assignee": null,
      "categories": [9, 17, 1, 3, 5, 10, 18, 2],
      "status": 2,
      "priority": 8,
      "escalation_level": 4
    }
  },
  {
    "model": "core.issuelog",
    "pk": 82,
    "fields": {
      "issue_id": 12,
      "actor": 5,
      "attachments": "e597c19a-3b74-4b12-95fa-696058867fff",
      "created_at": "2025-03-29T19:13:22.340699+00:00",
      "assignee": null,
      "categories": [3, 7, 2, 1, 13, 5, 6, 9],
      "status": 2,
      "priority": 8,
      "escalation_level": 1
    }
  },
  {
    "model": "core.issuelog",
    "pk": 83,
    "fields": {
      "issue_id": 11,
      "actor": 7,
      "attachments": "59f2d4f2-3080-4a5a-8f2c-6bd987ba5aa2",
      "created_at": "2025-03-31T19:13:22.340797+00:00",
      "assignee": 7,
      "categories": [5],
      "status": 4,
      "priority": 2,
      "escalation_level": 4
    }
  },
  {
    "model": "core.issuelog",
    "pk": 84,
    "fields": {
      "issue_id": 10,
      "actor": 16,
      "attachments": "82e6b882-0b44-4b8c-8448-1a33ca0155f3",
      "created_at": "2025-03-26T19:13:22.340868+00:00",
      "assignee": null,
      "categories": [9, 17, 1, 3, 5, 10, 18, 2],
      "status": 16,
      "priority": 2,
      "escalation_level": 4
    }
  },
  {
    "model": "core.issuelog",
    "pk": 85,
    "fields": {
      "issue_id": 3,
      "actor": 5,
      "attachments": "d89f55e2-4ceb-4830-8a9d-835c63979b8c",
      "created_at": "2025-03-22T19:13:22.340942+00:00",
      "assignee": null,
      "categories": [12, 6],
      "status": 8,
      "priority": 1,
      "escalation_level": 4
    }
  },
  {
    "model": "core.issuelog",
    "pk": 86,
    "fields": {
      "issue_id": 7,
      "actor": 5,
      "attachments": "1d1574d9-93cf-4f91-bc70-2de2176ad486",
      "created_at": "2025-03-31T19:13:22.341011+00:00",
      "assignee": 5,
      "categories": [16, 3, 13, 1, 7],
      "status": 8,
      "priority": 4,
      "escalation_level": 1
    }
  },
  {
    "model": "core.issuelog",
    "pk": 87,
    "fields": {
      "issue_id": 3,
      "actor": 2,
      "attachments": null,
      "created_at": "2025-02-08T19:13:22.341078+00:00",
      "assignee": null,
      "categories": [6],
      "status": 8,
      "priority": 8,
      "escalation_level": 4
    }
  },
  {
    "model": "core.issuelog",
    "pk": 88,
    "fields": {
      "issue_id": 8,
      "actor": 2,
      "attachments": "4d255f93-222a-411c-a4f6-55519d8e9895",
      "created_at": "2025-03-10T19:13:22.341227+00:00",
      "assignee": 5,
      "categories": [17, 11, 4, 13, 10, 5, 9, 18, 1, 3, 6, 16, 14, 2, 8, 15],
      "status": 16,
      "priority": 1,
      "escalation_level": 1
    }
  }
]
