[
  {
    "model": "core.role",
    "pk": 1,
    "fields": {
      "name": "Lecturer",
      "description": "Quaerat tempora beatae, quia quidem aperiam quo expedita molestiae illo voluptate sed cumque ullam commodi, labore corrupti animi accusantium commodi architecto distinctio optio facere suscipit nesciunt, quis cumque soluta ut reiciendis?\nPorro repellendus"
    }
  },
  {
    "model": "core.role",
    "pk": 2,
    "fields": {
      "name": "Registrar",
      "description": "Nisi ratione alias, voluptas magni consectetur ratione nobis eius eligendi praesentium nostrum autem placeat, dolorum nam sapiente voluptatem doloremque?"
    }
  },
  {
    "model": "core.role",
    "pk": 3,
    "fields": {
      "name": "Student",
      "description": "Impedit libero soluta adipisci, ut dolores repudiandae illum nulla molestias quis explicabo officia dignissimos error, qui unde labore, obcaecati accusantium sunt molestiae nihil minima.\nOdio necessitatibus expedita obcaecati enim voluptates voluptas quae"
    }
  },
  {
    "model": "core.user",
    "pk": 1,
    "fields": {
      "username": "tsEut",
      "email": "aut.et@students.mak.ac.ug",
      "password": "pbkdf2_sha256$870000$J4lbrHpY3WWRiOGpdGPyFo$/RqY0s5xnlKfcuok/tzTdyBRP91Ddx5ZmmgzbT4jprc=",
      "first_name": "Et",
      "last_name": "Aut Eius",
      "last_login": null,
      "is_staff": false,
      "is_active": true,
      "is_superuser": false,
      "date_joined": "2025-02-12T09:31:18.160534+00:00",
      "groups": [],
      "roles": [
        3
      ],
      "user_permissions": []
    }
  },
  {
    "model": "core.user",
    "pk": 2,
    "fields": {
      "username": "iAi",
      "email": "a.blanditiis@gmail.com",
      "password": "pbkdf2_sha256$870000$ejxUj6l7ahWvdtaH3bjB1I$aJ+bmBbhkV/p7qS7XitvIR0Z2W4deoYLKlC2Md2K+Po=",
      "first_name": "Blanditiis",
      "last_name": "A",
      "last_login": null,
      "is_staff": true,
      "is_active": true,
      "is_superuser": false,
      "date_joined": "2025-02-23T09:31:24.196118+00:00",
      "groups": [],
      "roles": [
        1,
        2
      ],
      "user_permissions": []
    }
  },
  {
    "model": "core.user",
    "pk": 3,
    "fields": {
      "username": "ig",
      "email": "fugit.cum@outlook.com",
      "password": "pbkdf2_sha256$870000$5eIMUujZFffjCPo7QpLy6L$TasYfJ0DdkEakfXeL1l9gNmaCIQW06DvIvVpnB5QT9Y=",
      "first_name": "Cum",
      "last_name": "Fugit",
      "last_login": "2024-12-17T16:28:04.224706+00:00",
      "is_staff": false,
      "is_active": true,
      "is_superuser": false,
      "date_joined": "2025-02-21T09:31:30.225024+00:00",
      "groups": [],
      "roles": [
        3
      ],
      "user_permissions": []
    }
  },
  {
    "model": "core.user",
    "pk": 4,
    "fields": {
      "username": "Hib",
      "email": "hic.nobis@unde.com",
      "password": "pbkdf2_sha256$870000$ibm6Ctq1y4sJyGgBVTuEAP$gL06KQ5eIeKw0D71t+SbPd6oCMbJTCQwjHf6N39petk=",
      "first_name": "Nobis",
      "last_name": "Hic",
      "last_login": null,
      "is_staff": false,
      "is_active": true,
      "is_superuser": false,
      "date_joined": "2024-12-12T09:31:36.250215+00:00",
      "groups": [],
      "roles": [
        3
      ],
      "user_permissions": []
    }
  },
  {
    "model": "core.user",
    "pk": 5,
    "fields": {
      "username": "delt",
      "email": "ratione.repellendus@gmail.com",
      "password": "pbkdf2_sha256$870000$q2LM5jf8qeDMkga41QgVNJ$gOyipHryxmNFmKFszl7tIrDl0J3HAG2HRsBg6YciCF8=",
      "first_name": "Repellendus",
      "last_name": "Ratione",
      "last_login": "2025-02-01T04:47:05.276290+00:00",
      "is_staff": true,
      "is_active": true,
      "is_superuser": true,
      "date_joined": "2025-01-28T09:31:42.276607+00:00",
      "groups": [],
      "roles": [
        1,
        2,
        3
      ],
      "user_permissions": []
    }
  },
  {
    "model": "core.user",
    "pk": 6,
    "fields": {
      "username": "nuii",
      "email": "eligendi.illum@outlook.com",
      "password": "pbkdf2_sha256$870000$w2TaTZWLT4TfvzKbx7pGxn$+CD/RKj1UzgGZ3mD7IQWnK7/D/MUewFPA5EQ4hR05+I=",
      "first_name": "Illum",
      "last_name": "Eligendi",
      "last_login": "2024-12-03T18:18:39.333195+00:00",
      "is_staff": false,
      "is_active": true,
      "is_superuser": false,
      "date_joined": "2025-02-15T09:31:48.333503+00:00",
      "groups": [],
      "roles": [
        3
      ],
      "user_permissions": []
    }
  },
  {
    "model": "core.user",
    "pk": 7,
    "fields": {
      "username": "eC",
      "email": "obcaecati.cumque@doloremque.ac",
      "password": "pbkdf2_sha256$870000$TCVXWNuF8vMTi7HLWQHZmW$lovoGeuKVqMQY0OwqVDuyN5+RMLFs4qk8S6wYxpWviM=",
      "first_name": "Cumque",
      "last_name": "Obcaecati",
      "last_login": null,
      "is_staff": true,
      "is_active": true,
      "is_superuser": false,
      "date_joined": "2025-01-15T09:31:54.370360+00:00",
      "groups": [],
      "roles": [
        1,
        3
      ],
      "user_permissions": []
    }
  },
  {
    "model": "core.user",
    "pk": 8,
    "fields": {
      "username": "ot",
      "email": "dicta.totam@example.dev",
      "password": "pbkdf2_sha256$870000$WgsiHFhw76GAF3KiLCax2N$68hAuOni1IiB4T5OGG8Z31uYvoSTMS3nHMJNhOmrTQk=",
      "first_name": "Totam",
      "last_name": "Dicta",
      "last_login": null,
      "is_staff": false,
      "is_active": true,
      "is_superuser": false,
      "date_joined": "2025-02-23T09:32:00.404367+00:00",
      "groups": [],
      "roles": [
        3
      ],
      "user_permissions": []
    }
  },
  {
    "model": "core.user",
    "pk": 9,
    "fields": {
      "username": "tt",
      "email": "itaque.distinctio@yahoomail.com",
      "password": "pbkdf2_sha256$870000$HlC2ex9i4SWoeh3N1UeNiC$RXE7nojt2suFIzO+AmXGC3thjnNtTtAqNIFhN/jtNRk=",
      "first_name": "Distinctio",
      "last_name": "Itaque",
      "last_login": null,
      "is_staff": false,
      "is_active": true,
      "is_superuser": false,
      "date_joined": "2024-11-30T09:32:06.488026+00:00",
      "groups": [],
      "roles": [
        3
      ],
      "user_permissions": []
    }
  },
  {
    "model": "core.user",
    "pk": 10,
    "fields": {
      "username": "tvinE",
      "email": "eum.eveniet@voluptate.net",
      "password": "pbkdf2_sha256$870000$8RmVmPhSj8spYzCl7V6tgv$vPz9D+6ew+AHTemDYtwriHGf6B2qZ7MzDq0IKHtFbpc=",
      "first_name": "Eveniet",
      "last_name": "Eum",
      "last_login": null,
      "is_staff": true,
      "is_active": true,
      "is_superuser": true,
      "date_joined": "2024-11-27T09:32:12.556941+00:00",
      "groups": [],
      "roles": [
        3
      ],
      "user_permissions": []
    }
  },
  {
    "model": "core.user",
    "pk": 11,
    "fields": {
      "username": "io",
      "email": "corporis.tenetur@voluptate.net",
      "password": "pbkdf2_sha256$870000$cQG6hvsrplYmFxWyIs6MjM$C4tceH5ACEeqCSxYUo6uUDHk888BqE6vZ8rbIut5G3E=",
      "first_name": "Tenetur",
      "last_name": "Corporis",
      "last_login": null,
      "is_staff": true,
      "is_active": true,
      "is_superuser": false,
      "date_joined": "2025-01-12T09:32:18.642328+00:00",
      "groups": [],
      "roles": [
        1,
        2,
        3
      ],
      "user_permissions": []
    }
  },
  {
    "model": "core.user",
    "pk": 12,
    "fields": {
      "username": "meV",
      "email": "enim.vel@students.mak.ac",
      "password": "pbkdf2_sha256$870000$YN5IbaizrEI61am4Bbm5mH$Qq/W6pNnP/Pz/T6Wb7S9B2xP0/NiMwp27Yqm4xQI8/4=",
      "first_name": "Vel",
      "last_name": "Enim",
      "last_login": "2024-12-23T21:32:04.695415+00:00",
      "is_staff": false,
      "is_active": false,
      "is_superuser": false,
      "date_joined": "2025-02-24T09:32:24.695739+00:00",
      "groups": [],
      "roles": [
        3
      ],
      "user_permissions": []
    }
  },
  {
    "model": "core.user",
    "pk": 13,
    "fields": {
      "username": "ua",
      "email": "harum.ipsa@outlook.com",
      "password": "pbkdf2_sha256$870000$6bZ5TjsJoO92ig1BMjNYiW$hxodPf2K2UVZb2g+xEMWIaoo4DpukXZD7t2YEcYABPg=",
      "first_name": "Ipsa",
      "last_name": "Harum",
      "last_login": "2025-02-21T04:22:26.818469+00:00",
      "is_staff": false,
      "is_active": true,
      "is_superuser": false,
      "date_joined": "2025-01-12T09:32:30.818780+00:00",
      "groups": [],
      "roles": [
        3
      ],
      "user_permissions": []
    }
  },
  {
    "model": "core.user",
    "pk": 14,
    "fields": {
      "username": "cDo",
      "email": "obcaecati.doloremque@yahoomail.com",
      "password": "pbkdf2_sha256$870000$XDWjwTgiEvc244q6UvyJur$lctIC0BiSElfZhvr8xo+tspjTLgiy5JftzGZZQE8jNE=",
      "first_name": "Doloremque",
      "last_name": "Obcaecati",
      "last_login": null,
      "is_staff": false,
      "is_active": true,
      "is_superuser": false,
      "date_joined": "2025-01-19T09:32:36.910355+00:00",
      "groups": [],
      "roles": [
        3
      ],
      "user_permissions": []
    }
  },
  {
    "model": "core.user",
    "pk": 15,
    "fields": {
      "username": "muuIe",
      "email": "iure.eum@yahoomail.com",
      "password": "pbkdf2_sha256$870000$4kd551vyAHc0FI8Wz31tez$wEop0akJgfs7R+c1B5iehEd25vjBUbHNrzu8qRTWGCI=",
      "first_name": "Eum",
      "last_name": "Iure",
      "last_login": null,
      "is_staff": false,
      "is_active": false,
      "is_superuser": false,
      "date_joined": "2025-01-11T09:32:42.992156+00:00",
      "groups": [],
      "roles": [
        3
      ],
      "user_permissions": []
    }
  },
  {
    "model": "core.faculty",
    "pk": 1,
    "fields": {
      "name": "Science",
      "description": "Delectus sapiente est quasi quas debitis ipsa hic provident adipisci.",
      "created_at": "2024-12-04T09:32:42.992817+00:00"
    }
  },
  {
    "model": "core.faculty",
    "pk": 2,
    "fields": {
      "name": "Engineering",
      "description": "Reprehenderit adipisci dolor possimus voluptate dolores repellat saepe animi totam distinctio, quasi itaque totam veritatis ut quidem officiis ab debitis, illum ut debitis doloribus qui vero, in autem praesentium sit quidem illo totam iusto, ab facere hic",
      "created_at": "2025-02-08T09:32:42.993248+00:00"
    }
  },
  {
    "model": "core.faculty",
    "pk": 3,
    "fields": {
      "name": "Bussiness",
      "description": "Quis odio ipsam reiciendis repellat similique, labore sit sunt, maiores officia reiciendis explicabo dolore dolorum eius, rem debitis aut.\nOptio impedit error laborum voluptatibus vero delectus temporibus quibusdam dolores, fugit ullam laudantium debitis",
      "created_at": "2024-11-26T09:32:42.994014+00:00"
    }
  },
  {
    "model": "core.faculty",
    "pk": 4,
    "fields": {
      "name": "Arts and Humanities",
      "description": "Labore vitae eveniet quae eius earum magnam, iure fugiat odio a voluptatum libero ducimus aliquid, animi quisquam facere pariatur, molestiae dolore ex iusto sapiente deserunt architecto quibusdam libero quas a?\nEx alias sequi aut excepturi vitae facere",
      "created_at": "2024-12-11T09:32:42.994897+00:00"
    }
  },
  {
    "model": "core.faculty",
    "pk": 5,
    "fields": {
      "name": "Medicine",
      "description": "Maxime consequatur blanditiis in unde expedita dignissimos modi facere asperiores, perferendis sequi perspiciatis reprehenderit pariatur, placeat reprehenderit necessitatibus, facere veniam ipsa quisquam amet neque tenetur quasi corrupti.",
      "created_at": "2025-01-24T09:32:42.995639+00:00"
    }
  },
  {
    "model": "core.department",
    "pk": 1,
    "fields": {
      "name": "Biology",
      "description": "Aliquam corrupti cumque sapiente sint facere doloribus magnam repellendus minima ea atque.",
      "faculty": 1,
      "created_at": "2024-12-21T09:32:42.996290+00:00",
      "updated_at": "2025-01-10T07:01:26.996290+00:00"
    }
  },
  {
    "model": "core.department",
    "pk": 2,
    "fields": {
      "name": "Physics",
      "description": "Ea mollitia non nemo impedit?",
      "faculty": 1,
      "created_at": "2025-02-17T09:32:42.996698+00:00",
      "updated_at": null
    }
  },
  {
    "model": "core.department",
    "pk": 3,
    "fields": {
      "name": "Mathematics",
      "description": "Itaque eum aperiam ducimus libero pariatur iusto deserunt quaerat atque corrupti, ad atque qui quia culpa aliquid voluptas?\nQuibusdam cupiditate cumque quidem rerum fuga, consequuntur nemo nihil minima quos perferendis accusantium aperiam.",
      "faculty": 1,
      "created_at": "2025-02-26T09:32:42.997035+00:00",
      "updated_at": null
    }
  },
  {
    "model": "core.department",
    "pk": 4,
    "fields": {
      "name": "Chemistry",
      "description": "Quam temporibus quisquam illum accusantium obcaecati harum nobis, qui fugiat obcaecati natus cumque enim impedit itaque illo molestiae, sint veniam eveniet officia, doloribus iusto fugit expedita officia in cum incidunt eum similique dolor asperiores.",
      "faculty": 1,
      "created_at": "2025-02-18T09:32:42.997650+00:00",
      "updated_at": "2025-02-26T09:48:06.997650+00:00"
    }
  },
  {
    "model": "core.department",
    "pk": 5,
    "fields": {
      "name": "Computer Science",
      "description": "Inventore vel non soluta a dolore mollitia minus natus quae, maiores fugiat sed nam amet et possimus voluptatem unde optio reiciendis, laboriosam modi porro eos molestiae a dolor, hic inventore amet corrupti ex et.",
      "faculty": 1,
      "created_at": "2024-12-07T09:32:42.998242+00:00",
      "updated_at": "2024-12-27T08:28:09.998242+00:00"
    }
  },
  {
    "model": "core.department",
    "pk": 6,
    "fields": {
      "name": "Computer Engineering",
      "description": "Iure debitis asperiores quam, neque beatae ipsum fugiat suscipit tenetur dicta quo sapiente unde dolor, quod iste qui, accusantium reiciendis tempore, eius consequuntur ea?",
      "faculty": 2,
      "created_at": "2025-02-01T09:32:42.998847+00:00",
      "updated_at": null
    }
  },
  {
    "model": "core.department",
    "pk": 7,
    "fields": {
      "name": "Electrical Engineering",
      "description": "Unde esse eos atque, vero enim blanditiis quisquam numquam delectus, voluptatem velit provident quaerat laborum ipsam, autem consequuntur vel perferendis voluptatibus, veritatis doloribus eligendi labore ducimus voluptatibus repellendus soluta et quidem",
      "faculty": 2,
      "created_at": "2025-01-10T09:32:42.999416+00:00",
      "updated_at": "2025-01-15T13:28:40.999416+00:00"
    }
  },
  {
    "model": "core.department",
    "pk": 8,
    "fields": {
      "name": "Mechanical Engineering",
      "description": "Molestiae officiis cumque obcaecati iusto eius atque, omnis ad veritatis dicta modi quidem temporibus architecto, labore adipisci at dolorem quaerat esse.\nVero exercitationem dolorem deserunt perferendis explicabo ea suscipit odit doloremque possimus,",
      "faculty": 2,
      "created_at": "2024-12-27T09:32:43.000167+00:00",
      "updated_at": "2025-02-04T09:08:29.000167+00:00"
    }
  },
  {
    "model": "core.department",
    "pk": 9,
    "fields": {
      "name": "Civil Engineering",
      "description": "Perspiciatis minima quos?",
      "faculty": 2,
      "created_at": "2025-02-20T09:32:43.001134+00:00",
      "updated_at": null
    }
  },
  {
    "model": "core.department",
    "pk": 10,
    "fields": {
      "name": "Marketing",
      "description": "Minus obcaecati consequuntur ipsa voluptatem laudantium suscipit nostrum, saepe culpa dolores numquam non cum, similique animi cumque voluptatum minus adipisci suscipit perferendis laudantium esse, odit numquam odio ullam magnam ad architecto",
      "faculty": 3,
      "created_at": "2025-02-05T09:32:43.001439+00:00",
      "updated_at": "2025-02-26T21:50:51.001439+00:00"
    }
  },
  {
    "model": "core.department",
    "pk": 11,
    "fields": {
      "name": "Management",
      "description": "Perspiciatis asperiores eveniet iste corporis tempore non.",
      "faculty": 3,
      "created_at": "2024-12-05T09:32:43.002542+00:00",
      "updated_at": "2024-12-09T02:25:48.002542+00:00"
    }
  },
  {
    "model": "core.department",
    "pk": 12,
    "fields": {
      "name": "Accounting",
      "description": "Voluptas quod molestiae eligendi corporis doloremque voluptates minima totam, nam quaerat itaque architecto blanditiis fugit ea corporis recusandae delectus aliquam amet?",
      "faculty": 3,
      "created_at": "2025-02-06T09:32:43.002901+00:00",
      "updated_at": "2025-02-15T22:09:43.002901+00:00"
    }
  },
  {
    "model": "core.department",
    "pk": 13,
    "fields": {
      "name": "Finance",
      "description": "Culpa deleniti debitis alias nostrum voluptatem recusandae, voluptas deserunt nisi iusto eligendi illum sit quod ullam, animi quis dolores consequatur temporibus, commodi consequuntur laboriosam eum obcaecati eius atque molestias dolor nulla?\nDignissimos",
      "faculty": 3,
      "created_at": "2025-02-15T09:32:43.003386+00:00",
      "updated_at": "2025-02-21T07:31:35.003386+00:00"
    }
  },
  {
    "model": "core.department",
    "pk": 14,
    "fields": {
      "name": "History",
      "description": "Eum corporis quisquam quas consequatur reprehenderit odio, quos libero quasi eveniet veniam quod nobis nihil unde corporis magnam?\nObcaecati veritatis omnis quia quisquam ratione dolore voluptatibus illo eos hic eligendi?",
      "faculty": 4,
      "created_at": "2025-01-12T09:32:43.004270+00:00",
      "updated_at": "2025-01-23T18:56:59.004270+00:00"
    }
  },
  {
    "model": "core.department",
    "pk": 15,
    "fields": {
      "name": "Literature",
      "description": "Dolor expedita quod cumque alias deleniti explicabo quo, excepturi fugit eius exercitationem, ipsum incidunt dolorem libero minus aliquid perspiciatis nulla alias reiciendis laudantium quaerat?\nAliquid obcaecati consequatur vel minus officia.",
      "faculty": 4,
      "created_at": "2024-12-15T09:32:43.004831+00:00",
      "updated_at": "2025-01-20T17:41:05.004831+00:00"
    }
  },
  {
    "model": "core.department",
    "pk": 16,
    "fields": {
      "name": "Languages",
      "description": "Dignissimos ea sed fugit eius eum mollitia odio beatae eaque tenetur, nam molestias sed et ducimus deserunt atque quae tempore quia odit, sapiente consequuntur accusantium adipisci reiciendis necessitatibus optio alias eaque veniam magni?\nRepudiandae",
      "faculty": 4,
      "created_at": "2025-01-06T09:32:43.005470+00:00",
      "updated_at": "2025-02-23T02:50:17.005470+00:00"
    }
  },
  {
    "model": "core.department",
    "pk": 17,
    "fields": {
      "name": "Philosophy",
      "description": "Nesciunt aperiam minus exercitationem, facere vitae dolor et, magnam nam dolorum at qui ipsa consequuntur maiores ea rerum sint, pariatur sequi quis, delectus atque non error officiis corporis eveniet.",
      "faculty": 4,
      "created_at": "2024-12-25T09:32:43.006259+00:00",
      "updated_at": "2025-02-27T02:39:24.006259+00:00"
    }
  },
  {
    "model": "core.department",
    "pk": 18,
    "fields": {
      "name": "Pediatrics",
      "description": "Voluptatum adipisci ratione magnam distinctio, provident incidunt nulla delectus sapiente quo, magnam voluptatem perferendis corrupti commodi qui ratione aut voluptate rem minima.",
      "faculty": 5,
      "created_at": "2025-02-17T09:32:43.006873+00:00",
      "updated_at": null
    }
  },
  {
    "model": "core.department",
    "pk": 19,
    "fields": {
      "name": "Surgery",
      "description": "Alias fugit exercitationem, vel praesentium aliquid omnis quas quisquam iusto?",
      "faculty": 5,
      "created_at": "2025-01-31T09:32:43.007343+00:00",
      "updated_at": "2025-02-01T17:55:20.007343+00:00"
    }
  },
  {
    "model": "core.department",
    "pk": 20,
    "fields": {
      "name": "Anatomy",
      "description": "Iure vero hic dignissimos, vero consectetur ut aspernatur alias quia obcaecati incidunt illum optio commodi recusandae, ratione quisquam vero recusandae hic totam omnis eligendi numquam, laudantium atque fuga autem deserunt consequuntur alias consequatur",
      "faculty": 5,
      "created_at": "2025-01-07T09:32:43.007747+00:00",
      "updated_at": "2025-02-20T02:23:35.007747+00:00"
    }
  },
  {
    "model": "core.department",
    "pk": 21,
    "fields": {
      "name": "Psychiatry",
      "description": "Quibusdam a qui vel repudiandae, saepe corrupti aperiam magnam laboriosam ipsam vero excepturi explicabo voluptatem, repellendus dolorum ipsam ipsa soluta, deserunt omnis repudiandae ea obcaecati dicta atque fugiat facere nihil porro.",
      "faculty": 5,
      "created_at": "2025-02-10T09:32:43.008557+00:00",
      "updated_at": "2025-02-12T04:15:49.008557+00:00"
    }
  },
  {
    "model": "core.staff",
    "pk": 2,
    "fields": {
      "departments": [
        10
      ]
    }
  },
  {
    "model": "core.staff",
    "pk": 5,
    "fields": {
      "departments": [
        21
      ]
    }
  },
  {
    "model": "core.staff",
    "pk": 7,
    "fields": {
      "departments": [
        5
      ]
    }
  },
  {
    "model": "core.staff",
    "pk": 10,
    "fields": {
      "departments": []
    }
  },
  {
    "model": "core.staff",
    "pk": 11,
    "fields": {
      "departments": [
        5,
        17,
        4
      ]
    }
  },
  {
    "model": "core.student",
    "pk": 1,
    "fields": {
      "student_no": "S-ofRkD-2024"
    }
  },
  {
    "model": "core.student",
    "pk": 3,
    "fields": {
      "student_no": "S-EHuGW-2024"
    }
  },
  {
    "model": "core.student",
    "pk": 4,
    "fields": {
      "student_no": "S-xUF2h-2025"
    }
  },
  {
    "model": "core.student",
    "pk": 6,
    "fields": {
      "student_no": "S-v8K7E-2024"
    }
  },
  {
    "model": "core.student",
    "pk": 8,
    "fields": {
      "student_no": "S-AqpjB-2023"
    }
  },
  {
    "model": "core.student",
    "pk": 9,
    "fields": {
      "student_no": "S-3GqmE-2024"
    }
  },
  {
    "model": "core.student",
    "pk": 12,
    "fields": {
      "student_no": "S-ybmcN-2023"
    }
  },
  {
    "model": "core.student",
    "pk": 13,
    "fields": {
      "student_no": "S-CEl7v-2023"
    }
  },
  {
    "model": "core.student",
    "pk": 14,
    "fields": {
      "student_no": "S-YQ7A1-2023"
    }
  },
  {
    "model": "core.student",
    "pk": 15,
    "fields": {
      "student_no": "S-K2TXA-2022"
    }
  },
  {
    "model": "core.category",
    "pk": 1,
    "fields": {
      "name": "iste",
      "description": "Obcaecati totam unde illo magnam corporis temporibus doloribus ipsam commodi similique, cupiditate animi laudantium, tempora qui provident fuga obcaecati magnam temporibus tenetur nesciunt at neque, provident obcaecati voluptatum dolore esse maiores"
    }
  },
  {
    "model": "core.category",
    "pk": 2,
    "fields": {
      "name": "laboriosam",
      "description": "Obcaecati repellendus non repudiandae odit eaque iure deleniti debitis, alias tempora a quas nemo, totam neque laboriosam provident, quis explicabo culpa, nostrum deserunt qui adipisci provident labore inventore delectus?"
    }
  },
  {
    "model": "core.category",
    "pk": 3,
    "fields": {
      "name": "repellendus",
      "description": "Eum impedit quae voluptatibus iure consequatur, minus ipsa quia nihil molestiae, iste quos deserunt veritatis odio sed eos dolore, velit quia minus iure rem iusto itaque?"
    }
  },
  {
    "model": "core.category",
    "pk": 4,
    "fields": {
      "name": "consequuntur",
      "description": "Assumenda magni odit ut eligendi voluptas fuga, molestiae voluptates expedita."
    }
  },
  {
    "model": "core.category",
    "pk": 5,
    "fields": {
      "name": "vero",
      "description": "Mollitia expedita quia ea temporibus ullam eveniet illo fuga in, corrupti itaque eius dolore similique, illo rerum necessitatibus repudiandae consectetur est fuga animi magni natus praesentium itaque?"
    }
  },
  {
    "model": "core.category",
    "pk": 6,
    "fields": {
      "name": "deserunt",
      "description": "Ratione tempore sapiente atque dicta sed aperiam tempora voluptate eius officia, ab nesciunt ullam, labore deserunt quisquam recusandae aut?\nObcaecati animi reprehenderit reiciendis esse repellendus, recusandae libero provident minima aperiam in, expedita"
    }
  },
  {
    "model": "core.category",
    "pk": 7,
    "fields": {
      "name": "nulla",
      "description": "At vel dolorem iusto cupiditate dicta saepe aliquid nemo ad consequuntur, numquam obcaecati explicabo odit aliquid amet nesciunt ducimus nobis saepe, praesentium harum vitae fugit minus rem earum neque nam corrupti dolor.\nOfficiis minima incidunt rerum"
    }
  },
  {
    "model": "core.category",
    "pk": 8,
    "fields": {
      "name": "eius",
      "description": "Earum molestias minus ab minima dolores?\nDoloremque unde quod est sed, nisi molestias repellat suscipit, aperiam eos voluptatibus iusto ex ea qui dolor autem dolorem vero voluptas, consectetur provident doloremque voluptate."
    }
  },
  {
    "model": "core.category",
    "pk": 9,
    "fields": {
      "name": "exercitationem",
      "description": "Reprehenderit recusandae dicta sequi unde saepe cumque officia quisquam, dolorum accusamus soluta cumque consectetur nobis, animi tempore inventore corrupti minima, veritatis distinctio pariatur temporibus sed doloribus deserunt nemo voluptatum qui"
    }
  },
  {
    "model": "core.category",
    "pk": 10,
    "fields": {
      "name": "cum",
      "description": "Omnis deserunt quia optio perspiciatis in aperiam libero consequatur, incidunt expedita aspernatur pariatur quis explicabo necessitatibus magni, aut saepe magnam perspiciatis neque repellendus illo, nisi nobis illo?"
    }
  },
  {
    "model": "core.category",
    "pk": 11,
    "fields": {
      "name": "dolore",
      "description": "Est architecto ad, ullam maiores distinctio sequi iusto recusandae delectus, dignissimos laudantium laboriosam vel?\nDistinctio vel illum delectus quod architecto voluptates nostrum repellendus totam, reprehenderit soluta nisi fugiat tenetur amet,"
    }
  },
  {
    "model": "core.category",
    "pk": 12,
    "fields": {
      "name": "dicta",
      "description": "Debitis unde laboriosam corporis error et culpa labore, officiis rem laborum repellendus dignissimos?"
    }
  },
  {
    "model": "core.category",
    "pk": 13,
    "fields": {
      "name": "quidem",
      "description": "Autem harum tenetur beatae possimus officiis.\nSit aliquam ab voluptatum quos consectetur?"
    }
  },
  {
    "model": "core.category",
    "pk": 14,
    "fields": {
      "name": "provident",
      "description": "Voluptatum aliquid rem veniam velit totam doloribus assumenda."
    }
  },
  {
    "model": "core.category",
    "pk": 15,
    "fields": {
      "name": "suscipit",
      "description": "Nulla eligendi quibusdam dignissimos, sint recusandae consectetur asperiores ut assumenda ex atque amet, nisi veniam in ducimus aperiam nulla distinctio inventore ad doloremque."
    }
  },
  {
    "model": "core.category",
    "pk": 16,
    "fields": {
      "name": "ut",
      "description": "Similique deserunt temporibus unde mollitia laboriosam omnis tenetur ipsam nisi saepe, fugiat vitae iure possimus, dignissimos fuga quidem eos quo dicta dolorum hic sapiente soluta possimus molestias?"
    }
  },
  {
    "model": "core.category",
    "pk": 17,
    "fields": {
      "name": "cumque",
      "description": "Dolorum deserunt consequatur modi, incidunt id vero ipsa autem sed quas porro error, itaque iste rerum tempore, laudantium consequuntur enim eveniet quas voluptatum vero voluptate cumque aperiam quis.\nConsequuntur vel enim sunt aliquid delectus nobis"
    }
  },
  {
    "model": "core.category",
    "pk": 18,
    "fields": {
      "name": "quos",
      "description": "Debitis deserunt corporis ab ducimus ullam?\nDoloribus perferendis eveniet asperiores consequatur debitis alias velit neque, ullam quod in distinctio?"
    }
  },
  {
    "model": "core.category",
    "pk": 19,
    "fields": {
      "name": "excepturi",
      "description": "Enim voluptatum repellat aspernatur odio, fugit perferendis dolorem porro ea optio facere est molestiae, totam repellendus sapiente dicta quidem asperiores optio ipsam quam, sint recusandae accusantium dolor sit harum ipsam enim at libero esse, facere"
    }
  },
  {
    "model": "core.category",
    "pk": 20,
    "fields": {
      "name": "consectetur",
      "description": "Unde eius placeat quasi aspernatur illo inventore, accusamus maiores perferendis aut earum eaque.\nAccusantium reiciendis molestias consequatur debitis veniam magnam consectetur, deserunt veritatis laudantium rerum nemo, modi repudiandae omnis neque"
    }
  },
  {
    "model": "core.category",
    "pk": 21,
    "fields": {
      "name": "ex",
      "description": "Harum praesentium quasi possimus quod nostrum impedit saepe sequi voluptate nihil odit, expedita dicta sequi doloremque est facilis voluptates cupiditate unde necessitatibus accusamus porro.\nQuidem quisquam facilis cum necessitatibus possimus vel"
    }
  },
  {
    "model": "core.category",
    "pk": 22,
    "fields": {
      "name": "autem",
      "description": "Est itaque qui alias nostrum commodi modi accusantium.\nObcaecati ipsum qui amet."
    }
  },
  {
    "model": "core.category",
    "pk": 23,
    "fields": {
      "name": "itaque",
      "description": "Est dignissimos minima nesciunt tenetur quaerat minus architecto perferendis esse voluptate tempore?"
    }
  },
  {
    "model": "core.category",
    "pk": 24,
    "fields": {
      "name": "nisi",
      "description": "Quis ex ut est enim nobis distinctio veniam id molestias iure repellendus, facere consequatur ex dolore excepturi soluta ad deleniti, atque minus eos quidem possimus consequuntur eligendi, atque sequi cum voluptatibus id omnis necessitatibus modi,"
    }
  },
  {
    "model": "core.category",
    "pk": 25,
    "fields": {
      "name": "explicabo",
      "description": "Beatae temporibus dolore nesciunt quasi voluptas perferendis minus unde, eius atque exercitationem ratione id odit mollitia molestiae ducimus iste veniam tempore, libero iure natus minima iste odio commodi expedita doloremque modi magnam pariatur."
    }
  },
  {
    "model": "core.issue",
    "pk": 1,
    "fields": {
      "owner": 8,
      "assignee": null,
      "title": "quia sit quasi reprehenderit consequuntur",
      "description": "Fugiat earum molestiae sed minima cumque, sunt natus necessitatibus eos culpa architecto eligendi assumenda ex ducimus, velit alias maiores, ipsam accusantium odit ad, nulla iste voluptate a?",
      "status": 8,
      "categories": [
        23,
        24,
        12,
        4,
        3,
        15,
        16,
        14,
        11
      ],
      "priority": 2,
      "escalation_level": 2,
      "notes": null,
      "created_at": "2025-02-03T09:32:43.024528+00:00",
      "updated_at": null
    }
  },
  {
    "model": "core.issue",
    "pk": 2,
    "fields": {
      "owner": 3,
      "assignee": 7,
      "title": "quae aspernatur pariatur nemo itaque consequuntur ratione dicta assumenda iure",
      "description": null,
      "status": 1,
      "categories": [
        2
      ],
      "priority": 4,
      "escalation_level": 4,
      "notes": null,
      "created_at": "2025-01-21T09:32:43.025393+00:00",
      "updated_at": "2025-02-23T23:48:49.025393+00:00"
    }
  },
  {
    "model": "core.issue",
    "pk": 3,
    "fields": {
      "owner": 13,
      "assignee": 7,
      "title": "aspernatur placeat magni ratione harum asperiores repudiandae temporibus",
      "description": null,
      "status": 4,
      "categories": [
        19,
        21,
        18,
        20,
        24,
        11,
        1,
        14,
        23,
        7,
        10,
        15,
        12,
        6,
        3,
        2,
        17,
        8,
        4,
        22,
        5,
        9,
        25,
        16
      ],
      "priority": 1,
      "escalation_level": 4,
      "notes": null,
      "created_at": "2024-12-09T09:32:43.025893+00:00",
      "updated_at": "2025-02-12T01:28:00.025893+00:00"
    }
  },
  {
    "model": "core.issue",
    "pk": 4,
    "fields": {
      "owner": 9,
      "assignee": 5,
      "title": "sunt explicabo officia quas",
      "description": "Provident mollitia amet totam eos animi aut sint unde, a ipsa recusandae, quia iste exercitationem aut commodi ducimus ullam est laudantium fugiat facere, pariatur laboriosam quam vitae sequi autem minus doloremque, excepturi sequi voluptatibus.",
      "status": 16,
      "categories": [
        4,
        19,
        23,
        24,
        22
      ],
      "priority": 8,
      "escalation_level": 2,
      "notes": null,
      "created_at": "2024-12-21T09:32:43.026428+00:00",
      "updated_at": "2024-12-25T18:06:06.026428+00:00"
    }
  },
  {
    "model": "core.issue",
    "pk": 5,
    "fields": {
      "owner": 8,
      "assignee": 5,
      "title": "in quasi unde",
      "description": "Voluptatibus obcaecati reprehenderit ipsa dolores delectus ab adipisci aperiam alias?\nDignissimos veritatis aliquam maxime aspernatur accusantium ducimus cupiditate sapiente nemo ad repellat, cupiditate saepe enim illo veritatis error modi, ratione",
      "status": 4,
      "categories": [
        13,
        23,
        25,
        22,
        4,
        18,
        12,
        5,
        6,
        17,
        7,
        14,
        3,
        21,
        20,
        2
      ],
      "priority": 2,
      "escalation_level": 2,
      "notes": "Vero quas suscipit illo id error praesentium, consequatur ullam mollitia doloribus cum praesentium debitis dignissimos nostrum dolorum sequi iure, saepe rerum laudantium est voluptas totam iusto obcaecati. Beatae quo aliquid quis dicta saepe voluptas nam cum, praesentium ex itaque qui ipsam facere voluptatum, officia magnam animi voluptatem, harum beatae doloremque cupiditate hic tempore provident temporibus quis aliquid. Doloremque necessitatibus cupiditate facilis laudantium alias quisquam quam amet fugiat nobis culpa, fuga accusamus blanditiis voluptatibus placeat commodi soluta ad facilis obcaecati, vero ab ea eius rerum, sint esse sed ducimus iusto, harum eum aut aliquid doloremque exercitationem officiis sint sunt.\nRepellat fuga distinctio.\nLaborum natus provident voluptatem corporis deserunt rem magnam tempore enim eligendi aperiam, ratione sed blanditiis eligendi iste voluptatum cumque laudantium omnis sint dolorum, praesentium est doloremque odio culpa animi cumque? Error quis nostrum quidem voluptates dignissimos assumenda illum tempore reprehenderit facere dolorem, perferendis blanditiis magnam corrupti distinctio est aut numquam, est repellat excepturi laudantium nobis distinctio molestiae enim molestias dolorem, similique ex quia tempore dolor eaque ab, quas omnis ea hic.",
      "created_at": "2024-11-29T09:32:43.027231+00:00",
      "updated_at": "2024-12-11T06:11:57.027231+00:00"
    }
  },
  {
    "model": "core.issue",
    "pk": 6,
    "fields": {
      "owner": 6,
      "assignee": null,
      "title": "esse harum consectetur perferendis voluptatum expedita",
      "description": "Suscipit nobis itaque possimus nulla cum tempora sapiente numquam, voluptates earum corrupti consequatur dolore assumenda, obcaecati quasi accusamus vitae velit magni quae provident architecto mollitia consequatur excepturi.\nAut aliquid excepturi illo",
      "status": 16,
      "categories": [
        15,
        19,
        18
      ],
      "priority": 2,
      "escalation_level": 4,
      "notes": null,
      "created_at": "2024-12-23T09:32:43.030103+00:00",
      "updated_at": "2024-12-30T14:42:32.030103+00:00"
    }
  },
  {
    "model": "core.issue",
    "pk": 7,
    "fields": {
      "owner": 13,
      "assignee": null,
      "title": "repudiandae doloribus pariatur ut fugit ea officiis eius repellat",
      "description": "Incidunt modi vitae provident alias accusantium voluptate maxime nam, vel tenetur explicabo nihil fuga ex quos recusandae officiis error eligendi reprehenderit, delectus error laudantium facere voluptate itaque.",
      "status": 1,
      "categories": [
        21,
        8,
        3,
        12,
        2,
        6,
        14,
        22,
        18,
        9,
        17,
        11
      ],
      "priority": 2,
      "escalation_level": 1,
      "notes": "Accusamus sit totam nesciunt nihil inventore, recusandae nobis sit nihil, aliquid maxime nesciunt possimus ducimus facilis. Blanditiis possimus quisquam inventore vel eaque sequi delectus est necessitatibus veniam consequatur, deserunt quod ea itaque officiis fugit maxime fuga corrupti autem asperiores ullam, accusamus non vero soluta, fuga voluptates laudantium. Eum earum esse rem et, ducimus corrupti mollitia incidunt dolore labore consectetur ratione minus, neque exercitationem dignissimos, deleniti dicta laboriosam aperiam unde ipsa quisquam tenetur dolores nisi pariatur, deleniti dolor eius harum quaerat quod nesciunt.",
      "created_at": "2025-02-21T09:32:43.031281+00:00",
      "updated_at": null
    }
  },
  {
    "model": "core.issue",
    "pk": 8,
    "fields": {
      "owner": 6,
      "assignee": null,
      "title": "sapiente cupiditate repellat magnam inventore quibusdam saepe et porro culpa",
      "description": null,
      "status": 8,
      "categories": [
        9,
        7,
        18,
        19,
        8,
        16
      ],
      "priority": 4,
      "escalation_level": 1,
      "notes": "Eius numquam fugiat soluta eos molestiae rerum doloremque minus enim dolore asperiores, voluptas rerum aut a modi quasi minima repellendus vel libero quis? Repellendus ad voluptas numquam dicta, nam omnis qui blanditiis autem esse vel cupiditate dignissimos fugit adipisci amet, dolorum iure excepturi deleniti maiores officia ipsum asperiores fugiat? Ut quibusdam dolorem maiores molestias repudiandae quam sapiente asperiores suscipit obcaecati, quae modi veritatis repellat molestias.\nDeleniti quis possimus distinctio facere, error vel reiciendis dicta dignissimos voluptatum ea assumenda quos accusamus. Hic nesciunt rem rerum corrupti, culpa maiores alias ipsa repellat excepturi molestias dolorum voluptatem omnis quae, culpa laudantium sint distinctio quod rerum quasi quia debitis?\nModi voluptatem obcaecati qui necessitatibus exercitationem dolorum tenetur aut omnis, quasi quae iure amet, error sunt voluptate libero rerum eveniet molestiae.\nCorrupti exercitationem mollitia rem molestiae fuga quasi earum voluptate ipsam dolorem, impedit est praesentium assumenda qui laborum, necessitatibus voluptatibus error explicabo voluptas maxime expedita praesentium dolorem, magnam ipsum ratione quaerat porro tempora pariatur rerum minima labore excepturi, fuga minima provident excepturi dolore perspiciatis.",
      "created_at": "2025-01-04T09:32:43.033000+00:00",
      "updated_at": "2025-01-21T03:35:04.033000+00:00"
    }
  },
  {
    "model": "core.issue",
    "pk": 9,
    "fields": {
      "owner": 6,
      "assignee": null,
      "title": "nobis impedit exercitationem labore nam",
      "description": "Dolorum repellendus sequi id quasi maiores molestiae corporis nihil eligendi quibusdam totam, exercitationem vitae sit.",
      "status": 4,
      "categories": [
        5,
        4,
        16,
        25,
        14,
        1,
        18,
        12,
        10,
        21,
        24,
        22,
        19,
        2,
        20,
        7,
        3,
        8,
        13,
        15,
        6,
        23,
        17,
        9,
        11
      ],
      "priority": 4,
      "escalation_level": 1,
      "notes": null,
      "created_at": "2025-03-02T09:32:43.035272+00:00",
      "updated_at": null
    }
  },
  {
    "model": "core.issue",
    "pk": 10,
    "fields": {
      "owner": 1,
      "assignee": 7,
      "title": "optio labore saepe qui possimus voluptas aut",
      "description": "Deserunt repellendus ipsum officiis?\nVoluptatibus iste praesentium.",
      "status": 2,
      "categories": [
        16,
        20,
        7,
        8,
        24,
        18,
        22,
        4,
        6,
        13,
        25
      ],
      "priority": 1,
      "escalation_level": 1,
      "notes": null,
      "created_at": "2025-01-09T09:32:43.035948+00:00",
      "updated_at": "2025-02-13T16:54:14.035948+00:00"
    }
  },
  {
    "model": "core.attachment",
    "pk": "791147f3-77c6-484a-917e-fd4ff4f66e9d",
    "fields": {
      "file": "791147f3-77c6-484a-917e-fd4ff4f66e9d",
      "issue_id": 9,
      "name": "laborum_magni.webp",
      "type": "image/webp",
      "size": 3696024,
      "created_at": "2025-01-23T09:32:43.036786+00:00"
    }
  },
  {
    "model": "core.attachment",
    "pk": "54f3f316-c477-4721-8973-3bd10781f010",
    "fields": {
      "file": "54f3f316-c477-4721-8973-3bd10781f010",
      "issue_id": 1,
      "name": "architecto-eius-voluptate.docx",
      "type": "application/vnd.openxmlformats-officedocument.wordprocessingml.document",
      "size": 3778995,
      "created_at": "2025-02-21T09:32:43.037338+00:00"
    }
  },
  {
    "model": "core.attachment",
    "pk": "2d5e88f6-7008-4b60-aa03-555140a3683d",
    "fields": {
      "file": "2d5e88f6-7008-4b60-aa03-555140a3683d",
      "issue_id": 9,
      "name": "dolore culpa iusto reprehenderit fuga quaerat.doc",
      "type": "application/vnd.openxmlformats-officedocument.wordprocessingml.document",
      "size": 4394408,
      "created_at": "2025-01-13T09:32:43.037834+00:00"
    }
  },
  {
    "model": "core.attachment",
    "pk": "06c69fc8-70d9-43af-91dc-6b1cab083524",
    "fields": {
      "file": "06c69fc8-70d9-43af-91dc-6b1cab083524",
      "issue_id": 5,
      "name": "numquam.pdf",
      "type": "application/pdf",
      "size": 2658943,
      "created_at": "2025-01-17T09:32:43.038283+00:00"
    }
  },
  {
    "model": "core.attachment",
    "pk": "5ad96b7c-b697-4490-87dc-d0fbbde8cf13",
    "fields": {
      "file": "5ad96b7c-b697-4490-87dc-d0fbbde8cf13",
      "issue_id": 2,
      "name": "quos nostrum eum similique magnam incidunt ipsum.webp",
      "type": "image/webp",
      "size": 1583499,
      "created_at": "2025-02-27T09:32:43.038758+00:00"
    }
  },
  {
    "model": "core.attachment",
    "pk": "8837b9eb-599b-4b75-969e-20d07c4b4477",
    "fields": {
      "file": "8837b9eb-599b-4b75-969e-20d07c4b4477",
      "issue_id": 4,
      "name": "assumenda_alias.webp",
      "type": "image/webp",
      "size": 4788081,
      "created_at": "2025-03-01T09:32:43.039280+00:00"
    }
  },
  {
    "model": "core.attachment",
    "pk": "b797bf54-bb44-47da-a3d1-b341cdf2cfa0",
    "fields": {
      "file": "b797bf54-bb44-47da-a3d1-b341cdf2cfa0",
      "issue_id": 1,
      "name": "ab sunt impedit adipisci veniam.jpeg",
      "type": "image/jpeg",
      "size": 1320948,
      "created_at": "2024-12-27T09:32:43.039745+00:00"
    }
  },
  {
    "model": "core.attachment",
    "pk": "20be5613-d443-444d-a729-018967ceb2ec",
    "fields": {
      "file": "20be5613-d443-444d-a729-018967ceb2ec",
      "issue_id": 2,
      "name": "nam-voluptate-pariatur-explicabo.pdf",
      "type": "application/pdf",
      "size": 2414831,
      "created_at": "2025-02-15T09:32:43.040218+00:00"
    }
  },
  {
    "model": "core.attachment",
    "pk": "7e896ced-bf8b-420e-96c0-cf43a4b03e1f",
    "fields": {
      "file": "7e896ced-bf8b-420e-96c0-cf43a4b03e1f",
      "issue_id": 8,
      "name": "dicta_distinctio_voluptate.doc",
      "type": "application/vnd.openxmlformats-officedocument.wordprocessingml.document",
      "size": 3448764,
      "created_at": "2025-01-21T09:32:43.040632+00:00"
    }
  },
  {
    "model": "core.attachment",
    "pk": "f721767f-095d-478b-bdbc-a9667209f3e0",
    "fields": {
      "file": "f721767f-095d-478b-bdbc-a9667209f3e0",
      "issue_id": 3,
      "name": "earum_temporibus_ipsam_voluptatum_dolor_soluta.jpg",
      "type": "image/jpeg",
      "size": 3197281,
      "created_at": "2024-12-09T09:32:43.041102+00:00"
    }
  },
  {
    "model": "core.attachment",
    "pk": "7a0fd82e-a7dd-4922-a965-37cf3e241e05",
    "fields": {
      "file": "7a0fd82e-a7dd-4922-a965-37cf3e241e05",
      "issue_id": 2,
      "name": "facilis_quisquam_deserunt_distinctio_asperiores_alias_fugiat_aut.doc",
      "type": "application/vnd.openxmlformats-officedocument.wordprocessingml.document",
      "size": 4187726,
      "created_at": "2025-01-06T09:32:43.042967+00:00"
    }
  },
  {
    "model": "core.attachment",
    "pk": "6d46dace-078b-4e7f-8994-dfe4d82e730c",
    "fields": {
      "file": "6d46dace-078b-4e7f-8994-dfe4d82e730c",
      "issue_id": 10,
      "name": "ut.pptx",
      "type": "application/vnd.openxmlformats-officedocument.presentationml.presentation",
      "size": 3525120,
      "created_at": "2025-01-03T09:32:43.046720+00:00"
    }
  },
  {
    "model": "core.attachment",
    "pk": "71bc3de6-cbe3-4910-8d0a-b049689a9498",
    "fields": {
      "file": "71bc3de6-cbe3-4910-8d0a-b049689a9498",
      "issue_id": 9,
      "name": "magni-quos-obcaecati-voluptatibus.jpeg",
      "type": "image/jpeg",
      "size": 4638416,
      "created_at": "2025-03-01T09:32:43.055071+00:00"
    }
  },
  {
    "model": "core.attachment",
    "pk": "e0f8c3ba-5727-4a07-bb35-8666997b0b67",
    "fields": {
      "file": "e0f8c3ba-5727-4a07-bb35-8666997b0b67",
      "issue_id": 10,
      "name": "ad laudantium expedita beatae eos aliquam accusantium architecto.pptx",
      "type": "application/vnd.openxmlformats-officedocument.presentationml.presentation",
      "size": 3161130,
      "created_at": "2025-01-10T09:32:43.056512+00:00"
    }
  },
  {
    "model": "core.attachment",
    "pk": "42fedd7f-48f4-4c8a-9193-a7100d509726",
    "fields": {
      "file": "42fedd7f-48f4-4c8a-9193-a7100d509726",
      "issue_id": 5,
      "name": "adipisci-at-earum-nemo-aut-ab-doloremque.txt",
      "type": "text/plain",
      "size": 4940816,
      "created_at": "2025-01-31T09:32:43.057555+00:00"
    }
  },
  {
    "model": "core.attachment",
    "pk": "48e390c7-03e7-4f05-a38a-7c3863d04073",
    "fields": {
      "file": "48e390c7-03e7-4f05-a38a-7c3863d04073",
      "issue_id": 8,
      "name": "atque_quaerat_incidunt.webp",
      "type": "image/webp",
      "size": 5014697,
      "created_at": "2025-02-22T09:32:43.063341+00:00"
    }
  },
  {
    "model": "core.attachment",
    "pk": "09d3f280-20c5-4548-ab32-cad275f7f489",
    "fields": {
      "file": "09d3f280-20c5-4548-ab32-cad275f7f489",
      "issue_id": 4,
      "name": "doloribus illum consequatur delectus minus mollitia.ppt",
      "type": "application/vnd.openxmlformats-officedocument.presentationml.presentation",
      "size": 1299302,
      "created_at": "2025-02-26T09:32:43.118242+00:00"
    }
  },
  {
    "model": "core.attachment",
    "pk": "4b03d738-9efc-427f-948e-0e79fd8125ef",
    "fields": {
      "file": "4b03d738-9efc-427f-948e-0e79fd8125ef",
      "issue_id": 9,
      "name": "inventore-culpa-nemo-id-ullam-soluta-modi.pptx",
      "type": "application/vnd.openxmlformats-officedocument.presentationml.presentation",
      "size": 3777659,
      "created_at": "2025-01-04T09:32:43.228415+00:00"
    }
  },
  {
    "model": "core.attachment",
    "pk": "47a248fa-7465-493a-9eda-485da65ecea2",
    "fields": {
      "file": "47a248fa-7465-493a-9eda-485da65ecea2",
      "issue_id": 8,
      "name": "consequatur-reprehenderit-beatae-eveniet.pdf",
      "type": "application/pdf",
      "size": 2514118,
      "created_at": "2025-01-06T09:32:43.229705+00:00"
    }
  },
  {
    "model": "core.attachment",
    "pk": "a87737be-e410-4d24-8aff-9fc6578a446f",
    "fields": {
      "file": "a87737be-e410-4d24-8aff-9fc6578a446f",
      "issue_id": 3,
      "name": "doloribus nisi consectetur facilis accusantium corporis explicabo saepe.png",
      "type": "image/png",
      "size": 8883834,
      "created_at": "2025-02-15T09:32:43.231356+00:00"
    }
  },
  {
    "model": "core.attachment",
    "pk": "82d54e5d-391a-4a26-be2a-08421d97e4df",
    "fields": {
      "file": "82d54e5d-391a-4a26-be2a-08421d97e4df",
      "issue_id": 9,
      "name": "a_magnam_soluta_nihil_sint_fuga_quo_ex.webp",
      "type": "image/webp",
      "size": 2338025,
      "created_at": "2025-02-20T09:32:43.258963+00:00"
    }
  },
  {
    "model": "core.attachment",
    "pk": "50f6f76f-9f5d-4d27-8b66-22f495286213",
    "fields": {
      "file": "50f6f76f-9f5d-4d27-8b66-22f495286213",
      "issue_id": 8,
      "name": "quam_dolorem_vitae_voluptatum_distinctio.docx",
      "type": "application/vnd.openxmlformats-officedocument.wordprocessingml.document",
      "size": 5038002,
      "created_at": "2024-12-30T09:32:43.260456+00:00"
    }
  },
  {
    "model": "core.attachment",
    "pk": "13801b5f-b99c-4534-9a9c-6a6ee63f58da",
    "fields": {
      "file": "13801b5f-b99c-4534-9a9c-6a6ee63f58da",
      "issue_id": 6,
      "name": "pariatur.webp",
      "type": "image/webp",
      "size": 2445592,
      "created_at": "2025-01-08T09:32:43.261500+00:00"
    }
  },
  {
    "model": "core.attachment",
    "pk": "15e54f05-6e88-4930-8f2c-773539a9d82b",
    "fields": {
      "file": "15e54f05-6e88-4930-8f2c-773539a9d82b",
      "issue_id": 5,
      "name": "quae facere asperiores modi eius quaerat.ppt",
      "type": "application/vnd.openxmlformats-officedocument.presentationml.presentation",
      "size": 80684,
      "created_at": "2024-12-27T09:32:43.262757+00:00"
    }
  },
  {
    "model": "core.attachment",
    "pk": "e310530b-4c6e-4a1e-91f5-0edf54b025b4",
    "fields": {
      "file": "e310530b-4c6e-4a1e-91f5-0edf54b025b4",
      "issue_id": 7,
      "name": "dolore-possimus.docx",
      "type": "application/vnd.openxmlformats-officedocument.wordprocessingml.document",
      "size": 4059364,
      "created_at": "2025-02-14T09:32:43.271188+00:00"
    }
  },
  {
    "model": "core.attachment",
    "pk": "21584afc-e494-40d6-a002-5a818cf9d669",
    "fields": {
      "file": "21584afc-e494-40d6-a002-5a818cf9d669",
      "issue_id": 6,
      "name": "quod-dolor-ex-sequi-optio.txt",
      "type": "text/plain",
      "size": 5072026,
      "created_at": "2025-01-03T09:32:43.272376+00:00"
    }
  },
  {
    "model": "core.attachment",
    "pk": "08a085e4-ff5c-4523-bdb0-08577eb8d28d",
    "fields": {
      "file": "08a085e4-ff5c-4523-bdb0-08577eb8d28d",
      "issue_id": 10,
      "name": "aut_ea_dolores_nesciunt_vel_delectus.doc",
      "type": "application/vnd.openxmlformats-officedocument.wordprocessingml.document",
      "size": 9142451,
      "created_at": "2024-12-24T09:32:43.273334+00:00"
    }
  },
  {
    "model": "core.attachment",
    "pk": "db2d0bd5-fa8b-4966-bc4b-a453166dfcd6",
    "fields": {
      "file": "db2d0bd5-fa8b-4966-bc4b-a453166dfcd6",
      "issue_id": 10,
      "name": "saepe-vel-in-quod-ducimus-dolores-obcaecati-sequi.pdf",
      "type": "application/pdf",
      "size": 324507,
      "created_at": "2025-01-03T09:32:43.274234+00:00"
    }
  },
  {
    "model": "core.attachment",
    "pk": "afe451f0-b261-4653-bf16-1388d2e01e2d",
    "fields": {
      "file": "afe451f0-b261-4653-bf16-1388d2e01e2d",
      "issue_id": 4,
      "name": "nobis-architecto-doloremque-laborum.png",
      "type": "image/png",
      "size": 4376666,
      "created_at": "2024-12-13T09:32:43.275022+00:00"
    }
  },
  {
    "model": "core.attachment",
    "pk": "6b19864a-0cf5-4c15-a5a6-2a5230cde7cf",
    "fields": {
      "file": "6b19864a-0cf5-4c15-a5a6-2a5230cde7cf",
      "issue_id": 6,
      "name": "quo-quasi-corrupti-nisi.pptx",
      "type": "application/vnd.openxmlformats-officedocument.presentationml.presentation",
      "size": 10238522,
      "created_at": "2025-02-20T09:32:43.296365+00:00"
    }
  },
  {
    "model": "core.attachment",
    "pk": "7c933b77-a961-4258-9633-0960ced67a90",
    "fields": {
      "file": "7c933b77-a961-4258-9633-0960ced67a90",
      "issue_id": 6,
      "name": "error_nostrum_modi_voluptatem_porro_eos_laboriosam_repellendus.pptx",
      "type": "application/vnd.openxmlformats-officedocument.presentationml.presentation",
      "size": 2172990,
      "created_at": "2024-12-18T09:32:43.299824+00:00"
    }
  },
  {
    "model": "core.attachment",
    "pk": "22bcce98-86c6-40f4-b793-247e74733e82",
    "fields": {
      "file": "22bcce98-86c6-40f4-b793-247e74733e82",
      "issue_id": 2,
      "name": "beatae exercitationem incidunt.jpg",
      "type": "image/jpeg",
      "size": 2042684,
      "created_at": "2025-02-27T09:32:43.300843+00:00"
    }
  },
  {
    "model": "core.attachment",
    "pk": "f8928ce4-7040-4ce5-bd97-5848f32bbee4",
    "fields": {
      "file": "f8928ce4-7040-4ce5-bd97-5848f32bbee4",
      "issue_id": 6,
      "name": "impedit-eius-laudantium-ad.gif",
      "type": "image/gif",
      "size": 5457193,
      "created_at": "2024-12-07T09:32:43.301704+00:00"
    }
  },
  {
    "model": "core.attachment",
    "pk": "880cd734-8d76-443a-96c8-78df733bf540",
    "fields": {
      "file": "880cd734-8d76-443a-96c8-78df733bf540",
      "issue_id": 10,
      "name": "veritatis-debitis-nostrum-eaque-necessitatibus.docx",
      "type": "application/vnd.openxmlformats-officedocument.wordprocessingml.document",
      "size": 8579963,
      "created_at": "2024-12-07T09:32:43.305235+00:00"
    }
  },
  {
    "model": "core.attachment",
    "pk": "01e03fff-7389-4551-9f30-85cb57bf579d",
    "fields": {
      "file": "01e03fff-7389-4551-9f30-85cb57bf579d",
      "issue_id": 3,
      "name": "libero.jpg",
      "type": "image/jpeg",
      "size": 1248852,
      "created_at": "2025-02-04T09:32:43.306144+00:00"
    }
  },
  {
    "model": "core.attachment",
    "pk": "d9043c2a-3a0c-4818-880b-18f79c525cd6",
    "fields": {
      "file": "d9043c2a-3a0c-4818-880b-18f79c525cd6",
      "issue_id": 2,
      "name": "ratione-a-cum-dicta-quisquam.pdf",
      "type": "application/pdf",
      "size": 10002684,
      "created_at": "2024-12-11T09:32:43.307179+00:00"
    }
  },
  {
    "model": "core.attachment",
    "pk": "c8c67a8e-94de-4b9e-8498-7feda9928db7",
    "fields": {
      "file": "c8c67a8e-94de-4b9e-8498-7feda9928db7",
      "issue_id": 6,
      "name": "consequatur.doc",
      "type": "application/vnd.openxmlformats-officedocument.wordprocessingml.document",
      "size": 1751797,
      "created_at": "2024-12-29T09:32:43.308055+00:00"
    }
  },
  {
    "model": "core.attachment",
    "pk": "286f4cf8-5007-4747-87be-cb3cbf960cd2",
    "fields": {
      "file": "286f4cf8-5007-4747-87be-cb3cbf960cd2",
      "issue_id": 4,
      "name": "ipsam_impedit_enim_molestias_blanditiis_omnis.jpeg",
      "type": "image/jpeg",
      "size": 9278928,
      "created_at": "2024-11-30T09:32:43.309076+00:00"
    }
  },
  {
    "model": "core.attachment",
    "pk": "cdba67b9-cb86-491c-96ba-e1142ca48fcf",
    "fields": {
      "file": "cdba67b9-cb86-491c-96ba-e1142ca48fcf",
      "issue_id": 6,
      "name": "laboriosam_culpa_beatae_quis.png",
      "type": "image/png",
      "size": 3746491,
      "created_at": "2024-12-13T09:32:43.310034+00:00"
    }
  },
  {
    "model": "core.attachment",
    "pk": "3d4e11ad-9a4e-40f7-b494-1355e973bff2",
    "fields": {
      "file": "3d4e11ad-9a4e-40f7-b494-1355e973bff2",
      "issue_id": 5,
      "name": "sunt_est_molestiae_officiis.txt",
      "type": "text/plain",
      "size": 728843,
      "created_at": "2025-02-18T09:32:43.310874+00:00"
    }
  },
  {
    "model": "core.attachment",
    "pk": "4eae8c4a-471c-43de-b09d-7c902717c4a5",
    "fields": {
      "file": "4eae8c4a-471c-43de-b09d-7c902717c4a5",
      "issue_id": 5,
      "name": "consequuntur-numquam-soluta.png",
      "type": "image/png",
      "size": 2799231,
      "created_at": "2024-11-24T09:32:43.311670+00:00"
    }
  },
  {
    "model": "core.attachment",
    "pk": "675e5f6e-f452-451d-baa7-d7df31de64f0",
    "fields": {
      "file": "675e5f6e-f452-451d-baa7-d7df31de64f0",
      "issue_id": 1,
      "name": "quod_laborum_voluptatum.doc",
      "type": "application/vnd.openxmlformats-officedocument.wordprocessingml.document",
      "size": 418559,
      "created_at": "2025-01-21T09:32:43.315115+00:00"
    }
  },
  {
    "model": "core.attachment",
    "pk": "6d0e2082-f940-4351-9214-c37d7061bd00",
    "fields": {
      "file": "6d0e2082-f940-4351-9214-c37d7061bd00",
      "issue_id": 1,
      "name": "beatae-a-nisi-suscipit-eveniet-minus.jpeg",
      "type": "image/jpeg",
      "size": 6024606,
      "created_at": "2024-12-19T09:32:43.316543+00:00"
    }
  },
  {
    "model": "core.attachment",
    "pk": "5a78069d-3ad1-4145-ba0e-6a8e113e41c0",
    "fields": {
      "file": "5a78069d-3ad1-4145-ba0e-6a8e113e41c0",
      "issue_id": 1,
      "name": "voluptatum error facilis.jpeg",
      "type": "image/jpeg",
      "size": 4130550,
      "created_at": "2025-01-28T09:32:43.317601+00:00"
    }
  },
  {
    "model": "core.attachment",
    "pk": "217275c0-b7e2-4595-aa6b-30f28df7dddd",
    "fields": {
      "file": "217275c0-b7e2-4595-aa6b-30f28df7dddd",
      "issue_id": 8,
      "name": "fuga-veritatis-labore-aliquid-dolores.txt",
      "type": "text/plain",
      "size": 364104,
      "created_at": "2025-02-21T09:32:43.319540+00:00"
    }
  },
  {
    "model": "core.attachment",
    "pk": "e5ecc882-0ee5-4edd-bc5b-83d25c6ad7d6",
    "fields": {
      "file": "e5ecc882-0ee5-4edd-bc5b-83d25c6ad7d6",
      "issue_id": 4,
      "name": "et distinctio fugit nam totam.png",
      "type": "image/png",
      "size": 5218449,
      "created_at": "2025-01-27T09:32:43.321797+00:00"
    }
  },
  {
    "model": "core.attachment",
    "pk": "8d3722b1-8a78-4fad-a732-dd26cf7f643b",
    "fields": {
      "file": "8d3722b1-8a78-4fad-a732-dd26cf7f643b",
      "issue_id": 4,
      "name": "magnam-animi-voluptate-pariatur.jpg",
      "type": "image/jpeg",
      "size": 4791311,
      "created_at": "2024-11-29T09:32:43.322725+00:00"
    }
  },
  {
    "model": "core.attachment",
    "pk": "4e868089-4146-4f9b-a0b2-0790336209be",
    "fields": {
      "file": "4e868089-4146-4f9b-a0b2-0790336209be",
      "issue_id": 8,
      "name": "natus minus omnis.docx",
      "type": "application/vnd.openxmlformats-officedocument.wordprocessingml.document",
      "size": 4544965,
      "created_at": "2025-02-04T09:32:43.324095+00:00"
    }
  },
  {
    "model": "core.attachment",
    "pk": "49fcdb7b-f47b-4251-9163-3afb693fb415",
    "fields": {
      "file": "49fcdb7b-f47b-4251-9163-3afb693fb415",
      "issue_id": 10,
      "name": "quod.jpg",
      "type": "image/jpeg",
      "size": 5111437,
      "created_at": "2025-02-12T09:32:43.325446+00:00"
    }
  },
  {
    "model": "core.attachment",
    "pk": "6258e646-2941-484d-ae7a-61856c8886ce",
    "fields": {
      "file": "6258e646-2941-484d-ae7a-61856c8886ce",
      "issue_id": 9,
      "name": "commodi-quo-exercitationem-neque-explicabo.webp",
      "type": "image/webp",
      "size": 107854,
      "created_at": "2025-01-08T09:32:43.332690+00:00"
    }
  },
  {
    "model": "core.attachment",
    "pk": "f2d52c74-57d6-4e07-9746-1ce76fb9f053",
    "fields": {
      "file": "f2d52c74-57d6-4e07-9746-1ce76fb9f053",
      "issue_id": 3,
      "name": "harum_in_sint_itaque_iusto_quaerat_tempora_voluptatibus.webp",
      "type": "image/webp",
      "size": 1123607,
      "created_at": "2024-12-06T09:32:43.333650+00:00"
    }
  },
  {
    "model": "core.attachment",
    "pk": "7af67452-8924-45ee-a1e8-22e0e65116fe",
    "fields": {
      "file": "7af67452-8924-45ee-a1e8-22e0e65116fe",
      "issue_id": 3,
      "name": "obcaecati facere doloremque aspernatur corrupti.gif",
      "type": "image/gif",
      "size": 647651,
      "created_at": "2024-12-20T09:32:43.334491+00:00"
    }
  },
  {
    "model": "core.attachment",
    "pk": "f40e8962-b1d9-4c46-b0db-1caa0d86ed78",
    "fields": {
      "file": "f40e8962-b1d9-4c46-b0db-1caa0d86ed78",
      "issue_id": 6,
      "name": "hic-aut-praesentium-consectetur-illum-nihil-cupiditate.ppt",
      "type": "application/vnd.openxmlformats-officedocument.presentationml.presentation",
      "size": 1872128,
      "created_at": "2024-11-27T09:32:43.335510+00:00"
    }
  },
  {
    "model": "core.attachment",
    "pk": "8e6419f6-8f1b-477c-87d7-32673fe2beec",
    "fields": {
      "file": "8e6419f6-8f1b-477c-87d7-32673fe2beec",
      "issue_id": 4,
      "name": "eaque_ab_minima.txt",
      "type": "text/plain",
      "size": 449680,
      "created_at": "2025-02-27T09:32:43.336965+00:00"
    }
  },
  {
    "model": "core.attachment",
    "pk": "2fc52398-855c-4c4c-b207-fc257724643a",
    "fields": {
      "file": "2fc52398-855c-4c4c-b207-fc257724643a",
      "issue_id": 4,
      "name": "qui_molestias_laborum_quod_quo.webp",
      "type": "image/webp",
      "size": 2766937,
      "created_at": "2025-01-18T09:32:43.338237+00:00"
    }
  },
  {
    "model": "core.attachment",
    "pk": "59cbcc51-4a76-4d3f-a1de-d4f4c91a0e4b",
    "fields": {
      "file": "59cbcc51-4a76-4d3f-a1de-d4f4c91a0e4b",
      "issue_id": 10,
      "name": "dicta atque soluta dolor sed corrupti.jpg",
      "type": "image/jpeg",
      "size": 3823102,
      "created_at": "2025-02-05T09:32:43.339401+00:00"
    }
  },
  {
    "model": "core.attachment",
    "pk": "b4f60c44-acfc-4cc5-9775-ead052448b7d",
    "fields": {
      "file": "b4f60c44-acfc-4cc5-9775-ead052448b7d",
      "issue_id": 3,
      "name": "et-eveniet.pdf",
      "type": "application/pdf",
      "size": 622567,
      "created_at": "2025-02-01T09:32:43.340459+00:00"
    }
  },
  {
    "model": "core.attachment",
    "pk": "55190be3-1413-47a8-8037-79961985abb9",
    "fields": {
      "file": "55190be3-1413-47a8-8037-79961985abb9",
      "issue_id": 9,
      "name": "nesciunt_temporibus_tempore_aperiam_doloribus_quisquam_neque_unde.pptx",
      "type": "application/vnd.openxmlformats-officedocument.presentationml.presentation",
      "size": 2004298,
      "created_at": "2024-12-23T09:32:43.360467+00:00"
    }
  },
  {
    "model": "core.attachment",
    "pk": "b04a9a52-d532-4ee9-8687-02e9c3b4abc2",
    "fields": {
      "file": "b04a9a52-d532-4ee9-8687-02e9c3b4abc2",
      "issue_id": 9,
      "name": "nemo.pdf",
      "type": "application/pdf",
      "size": 2199041,
      "created_at": "2025-01-09T09:32:43.363115+00:00"
    }
  },
  {
    "model": "core.attachment",
    "pk": "a435eece-dee0-4400-8ad6-22d6f7dae9a4",
    "fields": {
      "file": "a435eece-dee0-4400-8ad6-22d6f7dae9a4",
      "issue_id": 8,
      "name": "id.pptx",
      "type": "application/vnd.openxmlformats-officedocument.presentationml.presentation",
      "size": 2885181,
      "created_at": "2024-12-09T09:32:43.364081+00:00"
    }
  },
  {
    "model": "core.attachment",
    "pk": "eb8a18c5-8127-4d82-bd3c-fb0b3043abfe",
    "fields": {
      "file": "eb8a18c5-8127-4d82-bd3c-fb0b3043abfe",
      "issue_id": 9,
      "name": "pariatur.gif",
      "type": "image/gif",
      "size": 700910,
      "created_at": "2025-01-21T09:32:43.489661+00:00"
    }
  },
  {
    "model": "core.attachment",
    "pk": "d9254b53-4c41-479e-a80b-d0c4b1ca631d",
    "fields": {
      "file": "d9254b53-4c41-479e-a80b-d0c4b1ca631d",
      "issue_id": 7,
      "name": "quas_aperiam.ppt",
      "type": "application/vnd.openxmlformats-officedocument.presentationml.presentation",
      "size": 2426722,
      "created_at": "2025-01-01T09:32:43.491027+00:00"
    }
  },
  {
    "model": "core.attachment",
    "pk": "bc5b6f23-4a0d-493e-b804-e89e7bc19b7f",
    "fields": {
      "file": "bc5b6f23-4a0d-493e-b804-e89e7bc19b7f",
      "issue_id": 2,
      "name": "provident voluptate minus soluta officia quisquam ex consequatur.txt",
      "type": "text/plain",
      "size": 2858750,
      "created_at": "2025-01-03T09:32:43.492520+00:00"
    }
  },
  {
    "model": "core.attachment",
    "pk": "559e8689-9d55-4c90-88b6-4a4aab455493",
    "fields": {
      "file": "559e8689-9d55-4c90-88b6-4a4aab455493",
      "issue_id": 7,
      "name": "amet consequatur.doc",
      "type": "application/vnd.openxmlformats-officedocument.wordprocessingml.document",
      "size": 330753,
      "created_at": "2025-02-15T09:32:43.495301+00:00"
    }
  },
  {
    "model": "core.issuelog",
    "pk": 1,
    "fields": {
      "issue_id": 2,
      "actor": 7,
      "attachment": "7a0fd82e-a7dd-4922-a965-37cf3e241e05",
      "created_at": "2025-02-19T09:32:43.042439+00:00",
      "assignee": null,
      "categories": [
        2
      ],
      "status": 16,
      "priority": 4,
      "escalation_level": 4
    }
  },
  {
    "model": "core.issuelog",
    "pk": 2,
    "fields": {
      "issue_id": 1,
      "actor": 2,
      "attachment": null,
      "created_at": "2025-02-15T09:32:43.045946+00:00",
      "assignee": null,
      "categories": [
        15,
        14,
        16,
        24
      ],
      "status": 1,
      "priority": 2,
      "escalation_level": 2
    }
  },
  {
    "model": "core.issuelog",
    "pk": 3,
    "fields": {
      "issue_id": 10,
      "actor": 7,
      "attachment": "6d46dace-078b-4e7f-8994-dfe4d82e730c",
      "created_at": "2025-02-02T09:32:43.046342+00:00",
      "assignee": 7,
      "categories": [
        16,
        20,
        7,
        8,
        24,
        18,
        22,
        4,
        6,
        13,
        25
      ],
      "status": 2,
      "priority": 1,
      "escalation_level": 1
    }
  },
  {
    "model": "core.issuelog",
    "pk": 4,
    "fields": {
      "issue_id": 7,
      "actor": 11,
      "attachment": null,
      "created_at": "2025-02-27T09:32:43.049041+00:00",
      "assignee": null,
      "categories": [],
      "status": 1,
      "priority": 2,
      "escalation_level": 1
    }
  },
  {
    "model": "core.issuelog",
    "pk": 5,
    "fields": {
      "issue_id": 9,
      "actor": 2,
      "attachment": "71bc3de6-cbe3-4910-8d0a-b049689a9498",
      "created_at": "2025-03-02T09:32:43.054594+00:00",
      "assignee": null,
      "categories": [
        5,
        4,
        16,
        25,
        14,
        1,
        18,
        12,
        10,
        21,
        24,
        22,
        19,
        2,
        20,
        7,
        3,
        8,
        13,
        15,
        6,
        23,
        17,
        9,
        11
      ],
      "status": 1,
      "priority": 4,
      "escalation_level": 1
    }
  },
  {
    "model": "core.issuelog",
    "pk": 6,
    "fields": {
      "issue_id": 8,
      "actor": 10,
      "attachment": null,
      "created_at": "2025-01-18T09:32:43.055604+00:00",
      "assignee": null,
      "categories": [
        9,
        7,
        18,
        19,
        8,
        16
      ],
      "status": 4,
      "priority": 4,
      "escalation_level": 2
    }
  },
  {
    "model": "core.issuelog",
    "pk": 7,
    "fields": {
      "issue_id": 10,
      "actor": 7,
      "attachment": "e0f8c3ba-5727-4a07-bb35-8666997b0b67",
      "created_at": "2025-02-14T09:32:43.056051+00:00",
      "assignee": 7,
      "categories": [
        16,
        20,
        7,
        8,
        24,
        18,
        22,
        4,
        6,
        13,
        25
      ],
      "status": 1,
      "priority": 1,
      "escalation_level": 1
    }
  },
  {
    "model": "core.issuelog",
    "pk": 8,
    "fields": {
      "issue_id": 5,
      "actor": 5,
      "attachment": "42fedd7f-48f4-4c8a-9193-a7100d509726",
      "created_at": "2025-01-16T09:32:43.057139+00:00",
      "assignee": null,
      "categories": [
        13,
        23,
        25,
        22,
        4,
        18,
        12,
        5,
        6,
        17,
        7,
        14,
        3,
        21,
        20,
        2
      ],
      "status": 8,
      "priority": 1,
      "escalation_level": 2
    }
  },
  {
    "model": "core.issuelog",
    "pk": 9,
    "fields": {
      "issue_id": 7,
      "actor": 10,
      "attachment": null,
      "created_at": "2025-02-27T09:32:43.060066+00:00",
      "assignee": null,
      "categories": [
        21,
        17
      ],
      "status": 1,
      "priority": 2,
      "escalation_level": 1
    }
  },
  {
    "model": "core.issuelog",
    "pk": 10,
    "fields": {
      "issue_id": 2,
      "actor": 7,
      "attachment": null,
      "created_at": "2025-02-13T09:32:43.060549+00:00",
      "assignee": 7,
      "categories": [
        2
      ],
      "status": 1,
      "priority": 1,
      "escalation_level": 4
    }
  },
  {
    "model": "core.issuelog",
    "pk": 11,
    "fields": {
      "issue_id": 3,
      "actor": 7,
      "attachment": null,
      "created_at": "2024-12-27T09:32:43.060898+00:00",
      "assignee": 11,
      "categories": [
        19,
        21,
        18,
        20,
        24,
        11,
        1,
        14,
        23,
        7,
        10,
        15,
        12,
        6,
        3,
        2,
        17,
        8,
        4,
        22,
        5,
        9,
        25,
        16
      ],
      "status": 4,
      "priority": 1,
      "escalation_level": 4
    }
  },
  {
    "model": "core.issuelog",
    "pk": 12,
    "fields": {
      "issue_id": 7,
      "actor": 11,
      "attachment": null,
      "created_at": "2025-02-27T09:32:43.061966+00:00",
      "assignee": null,
      "categories": [
        21,
        8,
        3,
        12,
        2,
        6,
        14,
        22,
        18,
        9,
        17,
        11
      ],
      "status": 1,
      "priority": 1,
      "escalation_level": 4
    }
  },
  {
    "model": "core.issuelog",
    "pk": 13,
    "fields": {
      "issue_id": 8,
      "actor": 2,
      "attachment": "48e390c7-03e7-4f05-a38a-7c3863d04073",
      "created_at": "2025-01-26T09:32:43.062939+00:00",
      "assignee": null,
      "categories": [
        9,
        7,
        18,
        19,
        8,
        16
      ],
      "status": 8,
      "priority": 8,
      "escalation_level": 1
    }
  },
  {
    "model": "core.issuelog",
    "pk": 14,
    "fields": {
      "issue_id": 1,
      "actor": 5,
      "attachment": null,
      "created_at": "2025-02-09T09:32:43.064272+00:00",
      "assignee": null,
      "categories": [
        11,
        16,
        15
      ],
      "status": 8,
      "priority": 2,
      "escalation_level": 2
    }
  },
  {
    "model": "core.issuelog",
    "pk": 15,
    "fields": {
      "issue_id": 9,
      "actor": 7,
      "attachment": null,
      "created_at": "2025-03-02T09:32:43.094901+00:00",
      "assignee": null,
      "categories": [
        5,
        4,
        16,
        25,
        14,
        1,
        18,
        12,
        10,
        21,
        24,
        22,
        19,
        2,
        20,
        7,
        3,
        8,
        13,
        15,
        6,
        23,
        17,
        9,
        11
      ],
      "status": 2,
      "priority": 4,
      "escalation_level": 1
    }
  },
  {
    "model": "core.issuelog",
    "pk": 16,
    "fields": {
      "issue_id": 9,
      "actor": 5,
      "attachment": null,
      "created_at": "2025-03-02T09:32:43.117283+00:00",
      "assignee": null,
      "categories": [
        5,
        4,
        16,
        25,
        14,
        1,
        18,
        12,
        10,
        21,
        24,
        22,
        19,
        2,
        20,
        7,
        3,
        8,
        13,
        15,
        6,
        23,
        17,
        9,
        11
      ],
      "status": 1,
      "priority": 4,
      "escalation_level": 1
    }
  },
  {
    "model": "core.issuelog",
    "pk": 17,
    "fields": {
      "issue_id": 4,
      "actor": 5,
      "attachment": "09d3f280-20c5-4548-ab32-cad275f7f489",
      "created_at": "2024-12-31T09:32:43.117778+00:00",
      "assignee": 5,
      "categories": [
        24,
        23,
        4,
        22
      ],
      "status": 16,
      "priority": 8,
      "escalation_level": 2
    }
  },
  {
    "model": "core.issuelog",
    "pk": 18,
    "fields": {
      "issue_id": 9,
      "actor": 7,
      "attachment": "4b03d738-9efc-427f-948e-0e79fd8125ef",
      "created_at": "2025-03-02T09:32:43.227925+00:00",
      "assignee": null,
      "categories": [],
      "status": 4,
      "priority": 4,
      "escalation_level": 1
    }
  },
  {
    "model": "core.issuelog",
    "pk": 19,
    "fields": {
      "issue_id": 8,
      "actor": 5,
      "attachment": "47a248fa-7465-493a-9eda-485da65ecea2",
      "created_at": "2025-02-21T09:32:43.229315+00:00",
      "assignee": null,
      "categories": [
        8,
        18,
        9
      ],
      "status": 8,
      "priority": 4,
      "escalation_level": 1
    }
  },
  {
    "model": "core.issuelog",
    "pk": 20,
    "fields": {
      "issue_id": 1,
      "actor": 7,
      "attachment": null,
      "created_at": "2025-02-15T09:32:43.230558+00:00",
      "assignee": null,
      "categories": [
        23,
        24,
        12,
        4,
        3,
        15,
        16,
        14,
        11
      ],
      "status": 8,
      "priority": 2,
      "escalation_level": 2
    }
  },
  {
    "model": "core.issuelog",
    "pk": 21,
    "fields": {
      "issue_id": 3,
      "actor": 7,
      "attachment": "a87737be-e410-4d24-8aff-9fc6578a446f",
      "created_at": "2025-02-14T09:32:43.230957+00:00",
      "assignee": null,
      "categories": [
        19,
        21,
        18,
        20,
        24,
        11,
        1,
        14,
        23,
        7,
        10,
        15,
        12,
        6,
        3,
        2,
        17,
        8,
        4,
        22,
        5,
        9,
        25,
        16
      ],
      "status": 4,
      "priority": 8,
      "escalation_level": 4
    }
  },
  {
    "model": "core.issuelog",
    "pk": 22,
    "fields": {
      "issue_id": 9,
      "actor": 2,
      "attachment": "82d54e5d-391a-4a26-be2a-08421d97e4df",
      "created_at": "2025-03-02T09:32:43.258477+00:00",
      "assignee": null,
      "categories": [
        5,
        4,
        16,
        25,
        14,
        1,
        18,
        12,
        10,
        21,
        24,
        22,
        19,
        2,
        20,
        7,
        3,
        8,
        13,
        15,
        6,
        23,
        17,
        9,
        11
      ],
      "status": 4,
      "priority": 4,
      "escalation_level": 1
    }
  },
  {
    "model": "core.issuelog",
    "pk": 23,
    "fields": {
      "issue_id": 8,
      "actor": 2,
      "attachment": "50f6f76f-9f5d-4d27-8b66-22f495286213",
      "created_at": "2025-01-19T09:32:43.260004+00:00",
      "assignee": null,
      "categories": [
        9,
        7,
        18,
        19,
        8,
        16
      ],
      "status": 8,
      "priority": 4,
      "escalation_level": 1
    }
  },
  {
    "model": "core.issuelog",
    "pk": 24,
    "fields": {
      "issue_id": 6,
      "actor": 7,
      "attachment": "13801b5f-b99c-4534-9a9c-6a6ee63f58da",
      "created_at": "2025-02-10T09:32:43.260993+00:00",
      "assignee": null,
      "categories": [
        15,
        19,
        18
      ],
      "status": 4,
      "priority": 2,
      "escalation_level": 4
    }
  },
  {
    "model": "core.issuelog",
    "pk": 25,
    "fields": {
      "issue_id": 5,
      "actor": 5,
      "attachment": null,
      "created_at": "2025-01-19T09:32:43.261937+00:00",
      "assignee": 5,
      "categories": [
        13,
        23,
        25,
        22,
        4,
        18,
        12,
        5,
        6,
        17,
        7,
        14,
        3,
        21,
        20,
        2
      ],
      "status": 8,
      "priority": 2,
      "escalation_level": 2
    }
  },
  {
    "model": "core.issuelog",
    "pk": 26,
    "fields": {
      "issue_id": 5,
      "actor": 5,
      "attachment": "15e54f05-6e88-4930-8f2c-773539a9d82b",
      "created_at": "2024-12-17T09:32:43.262314+00:00",
      "assignee": 5,
      "categories": [
        13,
        23,
        25,
        22,
        4,
        18,
        12,
        5,
        6,
        17,
        7,
        14,
        3,
        21,
        20,
        2
      ],
      "status": 2,
      "priority": 2,
      "escalation_level": 2
    }
  },
  {
    "model": "core.issuelog",
    "pk": 27,
    "fields": {
      "issue_id": 4,
      "actor": 5,
      "attachment": null,
      "created_at": "2025-01-14T09:32:43.263323+00:00",
      "assignee": 7,
      "categories": [
        4,
        19,
        23,
        24,
        22
      ],
      "status": 8,
      "priority": 8,
      "escalation_level": 2
    }
  },
  {
    "model": "core.issuelog",
    "pk": 28,
    "fields": {
      "issue_id": 7,
      "actor": 10,
      "attachment": "e310530b-4c6e-4a1e-91f5-0edf54b025b4",
      "created_at": "2025-02-21T09:32:43.270790+00:00",
      "assignee": null,
      "categories": [
        21,
        8,
        3,
        12,
        2,
        6,
        14,
        22,
        18,
        9,
        17,
        11
      ],
      "status": 1,
      "priority": 1,
      "escalation_level": 2
    }
  },
  {
    "model": "core.issuelog",
    "pk": 29,
    "fields": {
      "issue_id": 1,
      "actor": 11,
      "attachment": null,
      "created_at": "2025-02-19T09:32:43.271665+00:00",
      "assignee": null,
      "categories": [
        23,
        24,
        12,
        4,
        3,
        15,
        16,
        14,
        11
      ],
      "status": 8,
      "priority": 8,
      "escalation_level": 2
    }
  },
  {
    "model": "core.issuelog",
    "pk": 30,
    "fields": {
      "issue_id": 6,
      "actor": 2,
      "attachment": "21584afc-e494-40d6-a002-5a818cf9d669",
      "created_at": "2025-02-16T09:32:43.272004+00:00",
      "assignee": null,
      "categories": [
        15,
        19,
        18
      ],
      "status": 16,
      "priority": 2,
      "escalation_level": 1
    }
  },
  {
    "model": "core.issuelog",
    "pk": 31,
    "fields": {
      "issue_id": 10,
      "actor": 7,
      "attachment": "08a085e4-ff5c-4523-bdb0-08577eb8d28d",
      "created_at": "2025-02-12T09:32:43.272938+00:00",
      "assignee": 7,
      "categories": [
        16,
        20,
        7,
        8,
        24,
        18,
        22,
        4,
        6,
        13,
        25
      ],
      "status": 2,
      "priority": 1,
      "escalation_level": 1
    }
  },
  {
    "model": "core.issuelog",
    "pk": 32,
    "fields": {
      "issue_id": 10,
      "actor": 7,
      "attachment": "db2d0bd5-fa8b-4966-bc4b-a453166dfcd6",
      "created_at": "2025-01-16T09:32:43.273808+00:00",
      "assignee": 7,
      "categories": [
        16,
        20,
        7,
        8,
        24,
        18,
        22,
        4,
        6,
        13,
        25
      ],
      "status": 2,
      "priority": 1,
      "escalation_level": 4
    }
  },
  {
    "model": "core.issuelog",
    "pk": 33,
    "fields": {
      "issue_id": 4,
      "actor": 5,
      "attachment": "afe451f0-b261-4653-bf16-1388d2e01e2d",
      "created_at": "2025-02-19T09:32:43.274669+00:00",
      "assignee": 5,
      "categories": [
        4,
        19,
        23,
        24,
        22
      ],
      "status": 4,
      "priority": 8,
      "escalation_level": 2
    }
  },
  {
    "model": "core.issuelog",
    "pk": 34,
    "fields": {
      "issue_id": 9,
      "actor": 10,
      "attachment": null,
      "created_at": "2025-03-02T09:32:43.294437+00:00",
      "assignee": null,
      "categories": [
        9,
        15,
        20
      ],
      "status": 4,
      "priority": 4,
      "escalation_level": 2
    }
  },
  {
    "model": "core.issuelog",
    "pk": 35,
    "fields": {
      "issue_id": 6,
      "actor": 11,
      "attachment": null,
      "created_at": "2025-01-06T09:32:43.295280+00:00",
      "assignee": null,
      "categories": [
        15
      ],
      "status": 16,
      "priority": 2,
      "escalation_level": 4
    }
  },
  {
    "model": "core.issuelog",
    "pk": 36,
    "fields": {
      "issue_id": 6,
      "actor": 11,
      "attachment": "6b19864a-0cf5-4c15-a5a6-2a5230cde7cf",
      "created_at": "2024-12-31T09:32:43.295800+00:00",
      "assignee": null,
      "categories": [],
      "status": 16,
      "priority": 2,
      "escalation_level": 4
    }
  },
  {
    "model": "core.issuelog",
    "pk": 37,
    "fields": {
      "issue_id": 7,
      "actor": 2,
      "attachment": null,
      "created_at": "2025-02-27T09:32:43.297957+00:00",
      "assignee": 5,
      "categories": [
        21,
        8,
        3,
        12,
        2,
        6,
        14,
        22,
        18,
        9,
        17,
        11
      ],
      "status": 1,
      "priority": 2,
      "escalation_level": 1
    }
  },
  {
    "model": "core.issuelog",
    "pk": 38,
    "fields": {
      "issue_id": 8,
      "actor": 2,
      "attachment": null,
      "created_at": "2025-02-21T09:32:43.298249+00:00",
      "assignee": null,
      "categories": [
        9,
        7,
        18,
        19,
        8,
        16
      ],
      "status": 8,
      "priority": 8,
      "escalation_level": 1
    }
  },
  {
    "model": "core.issuelog",
    "pk": 39,
    "fields": {
      "issue_id": 6,
      "actor": 5,
      "attachment": "7c933b77-a961-4258-9633-0960ced67a90",
      "created_at": "2025-02-04T09:32:43.299344+00:00",
      "assignee": null,
      "categories": [
        19,
        18
      ],
      "status": 16,
      "priority": 1,
      "escalation_level": 4
    }
  },
  {
    "model": "core.issuelog",
    "pk": 40,
    "fields": {
      "issue_id": 2,
      "actor": 7,
      "attachment": "22bcce98-86c6-40f4-b793-247e74733e82",
      "created_at": "2025-02-20T09:32:43.300490+00:00",
      "assignee": 7,
      "categories": [
        2
      ],
      "status": 2,
      "priority": 4,
      "escalation_level": 2
    }
  },
  {
    "model": "core.issuelog",
    "pk": 41,
    "fields": {
      "issue_id": 6,
      "actor": 7,
      "attachment": "f8928ce4-7040-4ce5-bd97-5848f32bbee4",
      "created_at": "2025-02-21T09:32:43.301292+00:00",
      "assignee": null,
      "categories": [
        15,
        19,
        18
      ],
      "status": 16,
      "priority": 2,
      "escalation_level": 4
    }
  },
  {
    "model": "core.issuelog",
    "pk": 42,
    "fields": {
      "issue_id": 1,
      "actor": 5,
      "attachment": null,
      "created_at": "2025-02-04T09:32:43.304490+00:00",
      "assignee": null,
      "categories": [
        23,
        24,
        12,
        4,
        3,
        15,
        16,
        14,
        11
      ],
      "status": 2,
      "priority": 2,
      "escalation_level": 2
    }
  },
  {
    "model": "core.issuelog",
    "pk": 43,
    "fields": {
      "issue_id": 10,
      "actor": 7,
      "attachment": "880cd734-8d76-443a-96c8-78df733bf540",
      "created_at": "2025-02-02T09:32:43.304872+00:00",
      "assignee": null,
      "categories": [
        16,
        20,
        7,
        8,
        24,
        18,
        22,
        4,
        6,
        13,
        25
      ],
      "status": 2,
      "priority": 4,
      "escalation_level": 1
    }
  },
  {
    "model": "core.issuelog",
    "pk": 44,
    "fields": {
      "issue_id": 3,
      "actor": 11,
      "attachment": "01e03fff-7389-4551-9f30-85cb57bf579d",
      "created_at": "2025-01-05T09:32:43.305735+00:00",
      "assignee": 7,
      "categories": [
        19,
        21,
        18,
        20,
        24,
        11,
        1,
        14,
        23,
        7,
        10,
        15,
        12,
        6,
        3,
        2,
        17,
        8,
        4,
        22,
        5,
        9,
        25,
        16
      ],
      "status": 4,
      "priority": 4,
      "escalation_level": 4
    }
  },
  {
    "model": "core.issuelog",
    "pk": 45,
    "fields": {
      "issue_id": 2,
      "actor": 7,
      "attachment": "d9043c2a-3a0c-4818-880b-18f79c525cd6",
      "created_at": "2025-02-09T09:32:43.306818+00:00",
      "assignee": 7,
      "categories": [],
      "status": 1,
      "priority": 4,
      "escalation_level": 4
    }
  },
  {
    "model": "core.issuelog",
    "pk": 46,
    "fields": {
      "issue_id": 6,
      "actor": 11,
      "attachment": "c8c67a8e-94de-4b9e-8498-7feda9928db7",
      "created_at": "2024-12-26T09:32:43.307662+00:00",
      "assignee": null,
      "categories": [
        15,
        19,
        18
      ],
      "status": 8,
      "priority": 2,
      "escalation_level": 4
    }
  },
  {
    "model": "core.issuelog",
    "pk": 47,
    "fields": {
      "issue_id": 4,
      "actor": 5,
      "attachment": "286f4cf8-5007-4747-87be-cb3cbf960cd2",
      "created_at": "2024-12-28T09:32:43.308666+00:00",
      "assignee": null,
      "categories": [
        19
      ],
      "status": 16,
      "priority": 4,
      "escalation_level": 2
    }
  },
  {
    "model": "core.issuelog",
    "pk": 48,
    "fields": {
      "issue_id": 6,
      "actor": 5,
      "attachment": "cdba67b9-cb86-491c-96ba-e1142ca48fcf",
      "created_at": "2025-01-01T09:32:43.309574+00:00",
      "assignee": 5,
      "categories": [
        15,
        19,
        18
      ],
      "status": 16,
      "priority": 2,
      "escalation_level": 4
    }
  },
  {
    "model": "core.issuelog",
    "pk": 49,
    "fields": {
      "issue_id": 5,
      "actor": 5,
      "attachment": "3d4e11ad-9a4e-40f7-b494-1355e973bff2",
      "created_at": "2025-02-07T09:32:43.310491+00:00",
      "assignee": null,
      "categories": [
        13,
        23,
        25,
        22,
        4,
        18,
        12,
        5,
        6,
        17,
        7,
        14,
        3,
        21,
        20,
        2
      ],
      "status": 4,
      "priority": 2,
      "escalation_level": 2
    }
  },
  {
    "model": "core.issuelog",
    "pk": 50,
    "fields": {
      "issue_id": 5,
      "actor": 5,
      "attachment": "4eae8c4a-471c-43de-b09d-7c902717c4a5",
      "created_at": "2025-01-15T09:32:43.311326+00:00",
      "assignee": null,
      "categories": [
        13,
        23,
        25,
        22,
        4,
        18,
        12,
        5,
        6,
        17,
        7,
        14,
        3,
        21,
        20,
        2
      ],
      "status": 4,
      "priority": 2,
      "escalation_level": 2
    }
  },
  {
    "model": "core.issuelog",
    "pk": 51,
    "fields": {
      "issue_id": 1,
      "actor": 10,
      "attachment": "675e5f6e-f452-451d-baa7-d7df31de64f0",
      "created_at": "2025-02-09T09:32:43.314664+00:00",
      "assignee": 10,
      "categories": [
        23,
        24,
        12,
        4,
        3,
        15,
        16,
        14,
        11
      ],
      "status": 4,
      "priority": 4,
      "escalation_level": 2
    }
  },
  {
    "model": "core.issuelog",
    "pk": 52,
    "fields": {
      "issue_id": 1,
      "actor": 11,
      "attachment": "6d0e2082-f940-4351-9214-c37d7061bd00",
      "created_at": "2025-03-01T09:32:43.316019+00:00",
      "assignee": null,
      "categories": [
        23,
        24,
        12,
        4,
        3,
        15,
        16,
        14,
        11
      ],
      "status": 8,
      "priority": 2,
      "escalation_level": 1
    }
  },
  {
    "model": "core.issuelog",
    "pk": 53,
    "fields": {
      "issue_id": 1,
      "actor": 5,
      "attachment": "5a78069d-3ad1-4145-ba0e-6a8e113e41c0",
      "created_at": "2025-02-06T09:32:43.317239+00:00",
      "assignee": null,
      "categories": [
        23,
        24,
        12,
        4,
        3,
        15,
        16,
        14,
        11
      ],
      "status": 8,
      "priority": 2,
      "escalation_level": 2
    }
  },
  {
    "model": "core.issuelog",
    "pk": 54,
    "fields": {
      "issue_id": 1,
      "actor": 7,
      "attachment": null,
      "created_at": "2025-02-04T09:32:43.318575+00:00",
      "assignee": null,
      "categories": [
        23,
        24,
        12,
        4,
        3,
        15,
        16,
        14,
        11
      ],
      "status": 1,
      "priority": 2,
      "escalation_level": 2
    }
  },
  {
    "model": "core.issuelog",
    "pk": 55,
    "fields": {
      "issue_id": 8,
      "actor": 7,
      "attachment": "217275c0-b7e2-4595-aa6b-30f28df7dddd",
      "created_at": "2025-01-25T09:32:43.318959+00:00",
      "assignee": null,
      "categories": [
        9,
        7,
        18,
        19,
        8,
        16
      ],
      "status": 8,
      "priority": 2,
      "escalation_level": 1
    }
  },
  {
    "model": "core.issuelog",
    "pk": 56,
    "fields": {
      "issue_id": 10,
      "actor": 7,
      "attachment": null,
      "created_at": "2025-02-02T09:32:43.320889+00:00",
      "assignee": 7,
      "categories": [
        16,
        20,
        7,
        8,
        24,
        18,
        22,
        4,
        6,
        13,
        25
      ],
      "status": 2,
      "priority": 1,
      "escalation_level": 1
    }
  },
  {
    "model": "core.issuelog",
    "pk": 57,
    "fields": {
      "issue_id": 4,
      "actor": 5,
      "attachment": "e5ecc882-0ee5-4edd-bc5b-83d25c6ad7d6",
      "created_at": "2025-01-26T09:32:43.321409+00:00",
      "assignee": null,
      "categories": [
        4,
        19,
        23,
        24,
        22
      ],
      "status": 16,
      "priority": 8,
      "escalation_level": 2
    }
  },
  {
    "model": "core.issuelog",
    "pk": 58,
    "fields": {
      "issue_id": 4,
      "actor": 5,
      "attachment": "8d3722b1-8a78-4fad-a732-dd26cf7f643b",
      "created_at": "2025-01-13T09:32:43.322308+00:00",
      "assignee": 5,
      "categories": [
        4,
        19,
        23,
        24,
        22
      ],
      "status": 16,
      "priority": 8,
      "escalation_level": 1
    }
  },
  {
    "model": "core.issuelog",
    "pk": 59,
    "fields": {
      "issue_id": 8,
      "actor": 10,
      "attachment": "4e868089-4146-4f9b-a0b2-0790336209be",
      "created_at": "2025-01-15T09:32:43.323596+00:00",
      "assignee": null,
      "categories": [],
      "status": 4,
      "priority": 4,
      "escalation_level": 2
    }
  },
  {
    "model": "core.issuelog",
    "pk": 60,
    "fields": {
      "issue_id": 10,
      "actor": 5,
      "attachment": "49fcdb7b-f47b-4251-9163-3afb693fb415",
      "created_at": "2025-02-11T09:32:43.324951+00:00",
      "assignee": null,
      "categories": [
        16,
        20,
        7,
        8,
        24,
        18,
        22,
        4,
        6,
        13,
        25
      ],
      "status": 2,
      "priority": 1,
      "escalation_level": 4
    }
  },
  {
    "model": "core.issuelog",
    "pk": 61,
    "fields": {
      "issue_id": 9,
      "actor": 2,
      "attachment": "6258e646-2941-484d-ae7a-61856c8886ce",
      "created_at": "2025-03-02T09:32:43.332094+00:00",
      "assignee": null,
      "categories": [
        5,
        4,
        16,
        25,
        14,
        1,
        18,
        12,
        10,
        21,
        24,
        22,
        19,
        2,
        20,
        7,
        3,
        8,
        13,
        15,
        6,
        23,
        17,
        9,
        11
      ],
      "status": 2,
      "priority": 4,
      "escalation_level": 1
    }
  },
  {
    "model": "core.issuelog",
    "pk": 62,
    "fields": {
      "issue_id": 3,
      "actor": 7,
      "attachment": "f2d52c74-57d6-4e07-9746-1ce76fb9f053",
      "created_at": "2025-02-21T09:32:43.333245+00:00",
      "assignee": null,
      "categories": [
        19,
        21,
        18,
        20,
        24,
        11,
        1,
        14,
        23,
        7,
        10,
        15,
        12,
        6,
        3,
        2,
        17,
        8,
        4,
        22,
        5,
        9,
        25,
        16
      ],
      "status": 2,
      "priority": 1,
      "escalation_level": 4
    }
  },
  {
    "model": "core.issuelog",
    "pk": 63,
    "fields": {
      "issue_id": 3,
      "actor": 7,
      "attachment": "7af67452-8924-45ee-a1e8-22e0e65116fe",
      "created_at": "2024-12-19T09:32:43.334102+00:00",
      "assignee": 7,
      "categories": [
        19,
        21,
        18,
        20,
        24,
        11,
        1,
        14,
        23,
        7,
        10,
        15,
        12,
        6,
        3,
        2,
        17,
        8,
        4,
        22,
        5,
        9,
        25,
        16
      ],
      "status": 16,
      "priority": 1,
      "escalation_level": 4
    }
  },
  {
    "model": "core.issuelog",
    "pk": 64,
    "fields": {
      "issue_id": 6,
      "actor": 2,
      "attachment": "f40e8962-b1d9-4c46-b0db-1caa0d86ed78",
      "created_at": "2025-02-12T09:32:43.335126+00:00",
      "assignee": null,
      "categories": [
        15,
        19,
        18
      ],
      "status": 16,
      "priority": 8,
      "escalation_level": 4
    }
  },
  {
    "model": "core.issuelog",
    "pk": 65,
    "fields": {
      "issue_id": 5,
      "actor": 10,
      "attachment": null,
      "created_at": "2025-02-12T09:32:43.336217+00:00",
      "assignee": 10,
      "categories": [
        13,
        23,
        25,
        22,
        4,
        18,
        12,
        5,
        6,
        17,
        7,
        14,
        3,
        21,
        20,
        2
      ],
      "status": 4,
      "priority": 2,
      "escalation_level": 2
    }
  },
  {
    "model": "core.issuelog",
    "pk": 66,
    "fields": {
      "issue_id": 4,
      "actor": 5,
      "attachment": "8e6419f6-8f1b-477c-87d7-32673fe2beec",
      "created_at": "2025-01-07T09:32:43.336585+00:00",
      "assignee": null,
      "categories": [
        4,
        19,
        23,
        24,
        22
      ],
      "status": 16,
      "priority": 4,
      "escalation_level": 2
    }
  },
  {
    "model": "core.issuelog",
    "pk": 67,
    "fields": {
      "issue_id": 2,
      "actor": 11,
      "attachment": null,
      "created_at": "2025-02-03T09:32:43.337456+00:00",
      "assignee": null,
      "categories": [
        2
      ],
      "status": 1,
      "priority": 4,
      "escalation_level": 4
    }
  },
  {
    "model": "core.issuelog",
    "pk": 68,
    "fields": {
      "issue_id": 4,
      "actor": 5,
      "attachment": "2fc52398-855c-4c4c-b207-fc257724643a",
      "created_at": "2025-01-12T09:32:43.337850+00:00",
      "assignee": 5,
      "categories": [
        4,
        19,
        23,
        24,
        22
      ],
      "status": 2,
      "priority": 8,
      "escalation_level": 4
    }
  },
  {
    "model": "core.issuelog",
    "pk": 69,
    "fields": {
      "issue_id": 10,
      "actor": 7,
      "attachment": "59cbcc51-4a76-4d3f-a1de-d4f4c91a0e4b",
      "created_at": "2025-02-24T09:32:43.338957+00:00",
      "assignee": 7,
      "categories": [
        16,
        20,
        7,
        8,
        24,
        18,
        22,
        4,
        6,
        13,
        25
      ],
      "status": 2,
      "priority": 1,
      "escalation_level": 2
    }
  },
  {
    "model": "core.issuelog",
    "pk": 70,
    "fields": {
      "issue_id": 3,
      "actor": 7,
      "attachment": "b4f60c44-acfc-4cc5-9775-ead052448b7d",
      "created_at": "2025-02-27T09:32:43.340114+00:00",
      "assignee": null,
      "categories": [
        19,
        21,
        18,
        20,
        24,
        11,
        1,
        14,
        23,
        7,
        10,
        15,
        12,
        6,
        3,
        2,
        17,
        8,
        4,
        22,
        5,
        9,
        25,
        16
      ],
      "status": 4,
      "priority": 1,
      "escalation_level": 4
    }
  },
  {
    "model": "core.issuelog",
    "pk": 71,
    "fields": {
      "issue_id": 9,
      "actor": 11,
      "attachment": "55190be3-1413-47a8-8037-79961985abb9",
      "created_at": "2025-03-02T09:32:43.359986+00:00",
      "assignee": null,
      "categories": [
        18,
        17,
        23
      ],
      "status": 4,
      "priority": 4,
      "escalation_level": 1
    }
  },
  {
    "model": "core.issuelog",
    "pk": 72,
    "fields": {
      "issue_id": 9,
      "actor": 5,
      "attachment": "b04a9a52-d532-4ee9-8687-02e9c3b4abc2",
      "created_at": "2025-03-02T09:32:43.362717+00:00",
      "assignee": null,
      "categories": [
        5,
        4,
        16,
        25,
        14,
        1,
        18,
        12,
        10,
        21,
        24,
        22,
        19,
        2,
        20,
        7,
        3,
        8,
        13,
        15,
        6,
        23,
        17,
        9,
        11
      ],
      "status": 4,
      "priority": 4,
      "escalation_level": 4
    }
  },
  {
    "model": "core.issuelog",
    "pk": 73,
    "fields": {
      "issue_id": 8,
      "actor": 7,
      "attachment": "a435eece-dee0-4400-8ad6-22d6f7dae9a4",
      "created_at": "2025-02-09T09:32:43.363675+00:00",
      "assignee": null,
      "categories": [
        9,
        7
      ],
      "status": 2,
      "priority": 4,
      "escalation_level": 1
    }
  },
  {
    "model": "core.issuelog",
    "pk": 74,
    "fields": {
      "issue_id": 9,
      "actor": 5,
      "attachment": null,
      "created_at": "2025-03-02T09:32:43.433457+00:00",
      "assignee": null,
      "categories": [
        5,
        4,
        16,
        25,
        14,
        1,
        18,
        12,
        10,
        21,
        24,
        22,
        19,
        2,
        20,
        7,
        3,
        8,
        13,
        15,
        6,
        23,
        17,
        9,
        11
      ],
      "status": 4,
      "priority": 8,
      "escalation_level": 1
    }
  },
  {
    "model": "core.issuelog",
    "pk": 75,
    "fields": {
      "issue_id": 9,
      "actor": 11,
      "attachment": "eb8a18c5-8127-4d82-bd3c-fb0b3043abfe",
      "created_at": "2025-03-02T09:32:43.489115+00:00",
      "assignee": null,
      "categories": [
        5,
        4,
        16,
        25,
        14,
        1,
        18,
        12,
        10,
        21,
        24,
        22,
        19,
        2,
        20,
        7,
        3,
        8,
        13,
        15,
        6,
        23,
        17,
        9,
        11
      ],
      "status": 4,
      "priority": 2,
      "escalation_level": 1
    }
  },
  {
    "model": "core.issuelog",
    "pk": 76,
    "fields": {
      "issue_id": 7,
      "actor": 11,
      "attachment": "d9254b53-4c41-479e-a80b-d0c4b1ca631d",
      "created_at": "2025-02-27T09:32:43.490600+00:00",
      "assignee": null,
      "categories": [
        21,
        8,
        3,
        12,
        2,
        6,
        14,
        22,
        18,
        9,
        17,
        11
      ],
      "status": 1,
      "priority": 2,
      "escalation_level": 1
    }
  },
  {
    "model": "core.issuelog",
    "pk": 77,
    "fields": {
      "issue_id": 2,
      "actor": 7,
      "attachment": "bc5b6f23-4a0d-493e-b804-e89e7bc19b7f",
      "created_at": "2025-02-21T09:32:43.492098+00:00",
      "assignee": null,
      "categories": [
        2
      ],
      "status": 4,
      "priority": 4,
      "escalation_level": 4
    }
  },
  {
    "model": "core.issuelog",
    "pk": 78,
    "fields": {
      "issue_id": 7,
      "actor": 10,
      "attachment": "559e8689-9d55-4c90-88b6-4a4aab455493",
      "created_at": "2025-02-24T09:32:43.494871+00:00",
      "assignee": null,
      "categories": [
        21,
        8,
        3,
        12,
        2,
        6,
        14,
        22,
        18,
        9,
        17,
        11
      ],
      "status": 8,
      "priority": 2,
      "escalation_level": 1
    }
  },
  {
    "model": "core.issuelog",
    "pk": 79,
    "fields": {
      "issue_id": 3,
      "actor": 7,
      "attachment": null,
      "created_at": "2025-02-11T09:32:43.495906+00:00",
      "assignee": 7,
      "categories": [
        23,
        17,
        18,
        14,
        11,
        1,
        8,
        21
      ],
      "status": 4,
      "priority": 1,
      "escalation_level": 4
    }
  },
  {
    "model": "core.issuelog",
    "pk": 80,
    "fields": {
      "issue_id": 8,
      "actor": 11,
      "attachment": null,
      "created_at": "2025-01-07T09:32:43.496215+00:00",
      "assignee": null,
      "categories": [
        9,
        7,
        18,
        19,
        8,
        16
      ],
      "status": 8,
      "priority": 4,
      "escalation_level": 4
    }
  }
]
